key,num,mode,words_q,words_a,char_q,char_a
3d1ddc23b606b8c8,1,text,18,9,118,48
3d1ddc23b606b8c8,2,text,33,13,180,56
3d1ddc23b606b8c8,3,text,28,32,158,155
3d1ddc23b606b8c8,4,text,36,14,212,69
3d1ddc23b606b8c8,5,text,42,32,221,175
3d1ddc23b606b8c8,6,text,48,29,260,145
3d1ddc23b606b8c8,7,text,39,28,220,146
3d1ddc23b606b8c8,8,text,51,26,297,127
242bdf6bc5bb0b94,1,voice,18,48,118,240
242bdf6bc5bb0b94,2,voice,41,99,219,481
242bdf6bc5bb0b94,3,voice,42,136,230,677
242bdf6bc5bb0b94,4,voice,41,86,254,406
242bdf6bc5bb0b94,5,voice,52,82,296,399
242bdf6bc5bb0b94,6,voice,43,120,270,585
242bdf6bc5bb0b94,7,voice,39,84,231,456
242bdf6bc5bb0b94,8,voice,38,122,226,615
c0ac91fae56c6ec3,1,voice,18,47,118,228
c0ac91fae56c6ec3,2,voice,33,78,173,410
c0ac91fae56c6ec3,3,voice,46,29,274,142
c0ac91fae56c6ec3,4,voice,41,33,237,172
c0ac91fae56c6ec3,5,voice,42,11,223,58
c0ac91fae56c6ec3,6,voice,43,75,241,393
c0ac91fae56c6ec3,7,voice,54,25,293,120
c0ac91fae56c6ec3,8,voice,43,63,249,321
8f96fa223f234180,1,voice,18,15,118,77
8f96fa223f234180,2,voice,26,60,147,286
8f96fa223f234180,3,voice,27,61,158,351
8f96fa223f234180,4,voice,37,71,220,367
8f96fa223f234180,5,voice,36,91,200,484
8f96fa223f234180,6,voice,42,69,256,365
8f96fa223f234180,7,voice,37,95,213,453
8f96fa223f234180,8,voice,38,69,220,378
24e9f4a8dba444ba,1,text,18,3,118,15
24e9f4a8dba444ba,2,text,24,24,117,125
24e9f4a8dba444ba,3,text,21,23,128,118
24e9f4a8dba444ba,4,text,38,10,202,47
24e9f4a8dba444ba,5,text,39,9,196,55
24e9f4a8dba444ba,6,text,38,56,196,307
24e9f4a8dba444ba,7,text,28,41,190,214
24e9f4a8dba444ba,8,text,45,17,270,82
5d5930b9486b3aef,1,voice,18,7,118,36
5d5930b9486b3aef,2,voice,22,59,112,291
5d5930b9486b3aef,3,voice,34,23,211,115
5d5930b9486b3aef,4,voice,39,21,244,122
5d5930b9486b3aef,5,voice,26,33,147,194
5d5930b9486b3aef,6,voice,27,20,175,118
5d5930b9486b3aef,7,voice,37,71,240,380
5d5930b9486b3aef,8,voice,39,80,267,404
c64e457f6d99d425,1,voice,18,47,118,245
c64e457f6d99d425,2,voice,39,37,211,205
c64e457f6d99d425,3,voice,42,50,229,232
c64e457f6d99d425,4,voice,44,73,229,360
c64e457f6d99d425,5,voice,51,58,284,279
c64e457f6d99d425,6,voice,39,53,235,253
c64e457f6d99d425,7,voice,38,70,240,362
c64e457f6d99d425,8,voice,40,89,248,450
0ec83457dd9ad9bb,1,text,18,13,118,63
0ec83457dd9ad9bb,2,text,24,22,124,120
0ec83457dd9ad9bb,3,text,42,31,218,153
0ec83457dd9ad9bb,4,text,42,53,248,270
0ec83457dd9ad9bb,5,text,35,32,189,181
0ec83457dd9ad9bb,6,text,31,46,203,264
0ec83457dd9ad9bb,7,text,35,37,227,226
0ec83457dd9ad9bb,8,text,39,35,226,183
cd254873c8c70b1f,1,voice,18,56,118,310
cd254873c8c70b1f,2,voice,35,111,193,612
cd254873c8c70b1f,3,voice,38,100,227,539
cd254873c8c70b1f,4,voice,38,69,232,358
cd254873c8c70b1f,5,voice,44,70,230,362
cd254873c8c70b1f,6,voice,50,86,324,438
cd254873c8c70b1f,7,voice,40,51,234,271
cd254873c8c70b1f,8,voice,42,67,252,386
673d057ee91b91d4,1,voice,18,24,118,129
673d057ee91b91d4,2,voice,28,87,154,454
673d057ee91b91d4,3,voice,40,88,224,428
673d057ee91b91d4,4,voice,49,24,276,109
673d057ee91b91d4,5,voice,38,57,192,280
673d057ee91b91d4,6,voice,34,78,203,395
673d057ee91b91d4,7,voice,57,37,313,204
673d057ee91b91d4,8,voice,53,48,306,242
7cf1b08e24b10350,1,voice,18,79,118,433
7cf1b08e24b10350,2,voice,35,148,195,691
7cf1b08e24b10350,3,voice,47,82,263,465
7cf1b08e24b10350,4,voice,50,227,285,1148
7cf1b08e24b10350,5,voice,55,134,326,697
7cf1b08e24b10350,6,voice,45,169,275,862
7cf1b08e24b10350,7,voice,47,256,261,1269
7cf1b08e24b10350,8,voice,48,204,270,1114
bd14752573c3fbed,1,voice,18,14,118,71
bd14752573c3fbed,2,voice,22,42,117,223
bd14752573c3fbed,3,voice,42,44,223,206
bd14752573c3fbed,4,voice,45,50,241,236
bd14752573c3fbed,5,voice,48,20,254,100
bd14752573c3fbed,6,voice,38,72,209,358
bd14752573c3fbed,7,voice,34,55,204,281
bd14752573c3fbed,8,voice,39,24,238,129
2a27143cb3ff288a,1,voice,18,11,118,54
2a27143cb3ff288a,2,voice,26,35,130,177
2a27143cb3ff288a,3,voice,41,70,224,373
2a27143cb3ff288a,4,voice,47,60,264,302
2a27143cb3ff288a,5,voice,39,38,234,198
2a27143cb3ff288a,6,voice,44,58,234,319
2a27143cb3ff288a,7,voice,49,58,290,300
2a27143cb3ff288a,8,voice,38,58,229,279
99229f1b414f5809,1,voice,18,31,118,170
99229f1b414f5809,2,voice,33,66,176,348
99229f1b414f5809,3,voice,39,70,214,330
99229f1b414f5809,4,voice,43,57,220,281
99229f1b414f5809,5,voice,34,53,211,265
99229f1b414f5809,6,voice,30,50,199,250
99229f1b414f5809,7,voice,40,69,255,355
99229f1b414f5809,8,voice,42,58,251,289
41f4d247212a91b7,1,voice,18,38,118,222
41f4d247212a91b7,2,voice,44,97,257,516
41f4d247212a91b7,3,voice,45,68,269,381
41f4d247212a91b7,4,voice,30,56,190,299
41f4d247212a91b7,5,voice,28,84,155,429
41f4d247212a91b7,6,voice,45,95,265,509
41f4d247212a91b7,7,voice,39,62,231,341
41f4d247212a91b7,8,voice,41,116,238,638
5abe20da31c1510b,1,voice,18,100,118,468
5abe20da31c1510b,2,voice,46,123,240,642
5abe20da31c1510b,3,voice,44,76,281,396
5abe20da31c1510b,4,voice,47,115,316,616
5abe20da31c1510b,5,voice,47,141,282,689
5abe20da31c1510b,6,voice,44,151,238,733
5abe20da31c1510b,7,voice,44,145,252,716
5abe20da31c1510b,8,voice,52,96,322,486
e0b75643b94ce352,1,voice,18,57,118,280
e0b75643b94ce352,2,voice,39,39,214,204
e0b75643b94ce352,3,text,38,32,219,158
e0b75643b94ce352,4,voice,40,52,239,270
e0b75643b94ce352,5,voice,30,36,186,174
e0b75643b94ce352,6,voice,37,92,222,420
e0b75643b94ce352,7,voice,50,22,284,105
e0b75643b94ce352,8,voice,42,70,249,365
98326b74d660f5fd,1,text,18,10,118,44
98326b74d660f5fd,2,text,23,31,127,148
98326b74d660f5fd,3,text,36,15,180,60
98326b74d660f5fd,4,text,35,8,203,42
98326b74d660f5fd,5,text,31,25,174,123
98326b74d660f5fd,6,text,35,22,196,115
98326b74d660f5fd,7,text,33,33,196,172
98326b74d660f5fd,8,text,35,1,194,2
3e8a40a8a3361337,1,voice,18,11,118,54
3e8a40a8a3361337,2,voice,29,45,161,251
3e8a40a8a3361337,3,voice,51,38,286,212
3e8a40a8a3361337,4,voice,41,63,232,332
3e8a40a8a3361337,5,voice,44,106,257,598
3e8a40a8a3361337,6,voice,36,39,231,213
3e8a40a8a3361337,7,voice,42,12,235,70
3e8a40a8a3361337,8,voice,45,97,288,494
5fee709bfe55faf2,1,voice,18,31,118,164
5fee709bfe55faf2,2,voice,30,46,178,258
5fee709bfe55faf2,3,voice,40,39,240,231
5fee709bfe55faf2,4,voice,34,51,200,270
5fee709bfe55faf2,5,voice,43,65,231,371
5fee709bfe55faf2,6,voice,48,85,269,453
5fee709bfe55faf2,7,voice,42,80,276,438
5fee709bfe55faf2,8,voice,40,67,243,365
d91dfb759b5c056c,1,voice,18,34,118,164
d91dfb759b5c056c,2,voice,35,71,187,376
d91dfb759b5c056c,3,voice,39,39,219,203
d91dfb759b5c056c,4,voice,42,26,242,153
d91dfb759b5c056c,5,voice,37,71,212,403
d91dfb759b5c056c,6,voice,55,95,291,525
d91dfb759b5c056c,7,voice,34,71,194,395
d91dfb759b5c056c,8,voice,43,69,273,376
25c3702e02bdfd45,1,voice,18,101,118,522
25c3702e02bdfd45,2,voice,25,102,153,519
25c3702e02bdfd45,3,voice,42,136,238,727
25c3702e02bdfd45,4,voice,35,111,239,650
25c3702e02bdfd45,5,voice,45,148,253,820
25c3702e02bdfd45,6,voice,30,117,183,651
25c3702e02bdfd45,7,voice,39,152,260,824
25c3702e02bdfd45,8,voice,41,128,263,708
b8eba67020022d75,1,voice,18,83,118,430
b8eba67020022d75,2,voice,46,102,242,537
b8eba67020022d75,3,voice,38,148,220,768
b8eba67020022d75,4,voice,49,64,302,345
b8eba67020022d75,5,voice,27,44,144,209
b8eba67020022d75,6,voice,52,92,307,476
b8eba67020022d75,7,voice,47,142,261,720
b8eba67020022d75,8,voice,42,104,252,517
53cf43f573cc8f32,1,voice,18,37,118,167
53cf43f573cc8f32,2,voice,28,25,139,134
53cf43f573cc8f32,3,voice,29,39,166,184
53cf43f573cc8f32,4,voice,42,24,222,130
53cf43f573cc8f32,5,voice,39,46,208,245
53cf43f573cc8f32,6,voice,46,47,257,243
53cf43f573cc8f32,7,voice,38,52,207,286
53cf43f573cc8f32,8,voice,40,61,230,314
e0b47f3f6a91ab2e,1,voice,18,55,118,266
e0b47f3f6a91ab2e,2,voice,34,76,189,374
e0b47f3f6a91ab2e,3,voice,35,154,201,786
e0b47f3f6a91ab2e,4,voice,45,147,274,777
e0b47f3f6a91ab2e,5,voice,35,124,211,673
e0b47f3f6a91ab2e,6,voice,43,145,303,737
e0b47f3f6a91ab2e,7,voice,45,145,257,738
e0b47f3f6a91ab2e,8,voice,50,241,304,1315
e04998f79adab146,1,voice,18,17,118,88
e04998f79adab146,2,voice,33,6,181,48
e04998f79adab146,3,voice,29,17,155,87
e04998f79adab146,4,voice,33,9,190,50
e04998f79adab146,5,voice,34,7,175,45
e04998f79adab146,6,voice,33,10,188,52
e04998f79adab146,7,voice,38,15,222,79
e04998f79adab146,8,voice,31,3,193,19
fd51071022fe231c,1,text,18,8,118,51
fd51071022fe231c,2,text,26,20,145,112
fd51071022fe231c,3,text,35,19,195,107
fd51071022fe231c,4,text,35,25,215,145
fd51071022fe231c,5,text,28,23,177,150
fd51071022fe231c,6,text,37,14,224,89
fd51071022fe231c,7,text,37,24,229,155
fd51071022fe231c,8,text,44,26,270,141
5152ad6df864fdab,1,voice,18,34,118,170
5152ad6df864fdab,2,voice,46,22,241,124
5152ad6df864fdab,3,voice,43,36,254,187
5152ad6df864fdab,4,voice,53,22,305,111
5152ad6df864fdab,5,voice,46,37,262,192
5152ad6df864fdab,6,voice,40,79,251,423
5152ad6df864fdab,7,voice,51,40,325,237
5152ad6df864fdab,8,voice,32,68,191,409
3adb7e8ae191bee6,1,voice,18,53,118,274
3adb7e8ae191bee6,2,voice,37,68,186,395
3adb7e8ae191bee6,3,voice,42,93,271,479
3adb7e8ae191bee6,4,voice,46,86,266,477
3adb7e8ae191bee6,5,voice,34,110,210,600
3adb7e8ae191bee6,6,voice,47,105,310,558
3adb7e8ae191bee6,7,voice,36,88,241,500
3adb7e8ae191bee6,8,voice,42,70,262,402
79908652a256d33e,1,voice,18,8,118,41
79908652a256d33e,2,voice,25,31,139,138
79908652a256d33e,3,voice,25,7,135,47
79908652a256d33e,4,voice,44,32,247,163
79908652a256d33e,5,voice,41,41,250,200
79908652a256d33e,6,voice,42,12,261,68
79908652a256d33e,7,voice,34,32,204,172
79908652a256d33e,8,voice,34,17,207,91
405ae83ad699f77e,1,voice,18,14,118,79
405ae83ad699f77e,2,voice,37,29,189,151
405ae83ad699f77e,3,voice,39,65,197,327
405ae83ad699f77e,4,voice,38,18,219,92
405ae83ad699f77e,5,voice,38,1,222,3
405ae83ad699f77e,6,voice,39,50,236,260
405ae83ad699f77e,7,voice,45,34,273,171
405ae83ad699f77e,8,voice,35,11,208,70
f1109e14be29a5d7,1,voice,18,55,118,289
f1109e14be29a5d7,2,voice,38,178,219,903
f1109e14be29a5d7,3,voice,37,145,216,712
f1109e14be29a5d7,4,text,45,125,273,618
f1109e14be29a5d7,5,voice,48,228,302,1205
f1109e14be29a5d7,6,voice,50,217,319,1217
f1109e14be29a5d7,7,voice,59,329,353,1799
f1109e14be29a5d7,8,voice,46,176,303,938
e16f233f154de5f7,1,voice,18,22,118,106
e16f233f154de5f7,2,voice,40,23,234,113
e16f233f154de5f7,3,voice,33,15,208,68
e16f233f154de5f7,4,voice,41,20,221,98
e16f233f154de5f7,5,voice,36,32,206,178
e16f233f154de5f7,6,voice,29,39,191,202
e16f233f154de5f7,7,voice,38,50,242,271
e16f233f154de5f7,8,voice,44,45,268,245
7965eb39cc1b7b97,1,voice,18,9,118,43
7965eb39cc1b7b97,2,voice,32,44,174,200
7965eb39cc1b7b97,3,voice,28,33,157,172
7965eb39cc1b7b97,4,voice,38,56,227,299
7965eb39cc1b7b97,5,voice,41,107,253,501
7965eb39cc1b7b97,6,voice,42,13,223,72
7965eb39cc1b7b97,7,voice,45,49,243,267
7965eb39cc1b7b97,8,voice,41,21,246,126
7819704fed235622,1,voice,18,14,118,81
7819704fed235622,2,voice,30,20,163,113
7819704fed235622,3,voice,29,65,162,350
7819704fed235622,4,voice,37,37,228,189
7819704fed235622,5,voice,29,47,178,248
7819704fed235622,6,voice,41,54,236,281
7819704fed235622,7,voice,48,70,282,352
7819704fed235622,8,voice,42,29,256,169
c314920d84ff0215,1,voice,18,45,118,238
c314920d84ff0215,2,voice,46,77,239,382
c314920d84ff0215,3,voice,34,57,187,314
c314920d84ff0215,4,voice,44,85,266,473
c314920d84ff0215,5,voice,50,99,261,538
c314920d84ff0215,6,voice,39,188,266,1018
c314920d84ff0215,7,voice,43,19,241,101
c314920d84ff0215,8,voice,40,93,237,526
520db7eff8e356ca,1,voice,18,50,118,281
520db7eff8e356ca,2,voice,48,91,240,501
520db7eff8e356ca,3,voice,51,157,299,829
520db7eff8e356ca,4,voice,53,180,313,941
520db7eff8e356ca,5,voice,60,116,351,663
520db7eff8e356ca,6,voice,51,115,316,608
520db7eff8e356ca,7,voice,59,114,360,618
520db7eff8e356ca,8,voice,34,87,204,480
aa0f860caa6662ef,1,voice,18,68,118,378
aa0f860caa6662ef,2,voice,34,93,195,461
aa0f860caa6662ef,3,voice,36,82,226,439
aa0f860caa6662ef,4,voice,32,58,197,308
aa0f860caa6662ef,5,voice,43,62,240,344
aa0f860caa6662ef,6,voice,36,107,220,536
aa0f860caa6662ef,7,voice,30,28,184,164
aa0f860caa6662ef,8,voice,30,8,184,35
b06ebcb759ca3ce4,1,voice,18,46,118,282
b06ebcb759ca3ce4,2,voice,41,57,240,293
b06ebcb759ca3ce4,3,voice,32,52,197,270
b06ebcb759ca3ce4,4,voice,43,33,244,168
b06ebcb759ca3ce4,5,voice,42,48,244,249
b06ebcb759ca3ce4,6,voice,46,50,282,285
b06ebcb759ca3ce4,7,voice,49,28,293,149
b06ebcb759ca3ce4,8,voice,49,92,274,489
b88f86ad894a422f,1,voice,18,29,118,148
b88f86ad894a422f,2,voice,26,39,137,187
b88f86ad894a422f,3,voice,31,39,173,204
b88f86ad894a422f,4,voice,46,67,267,343
b88f86ad894a422f,5,voice,47,59,253,310
b88f86ad894a422f,6,voice,37,46,212,241
b88f86ad894a422f,7,voice,48,39,287,201
b88f86ad894a422f,8,voice,44,10,280,50
04311d2ad745c4c6,1,voice,18,32,118,175
04311d2ad745c4c6,2,voice,35,53,191,250
04311d2ad745c4c6,3,voice,41,133,240,663
04311d2ad745c4c6,4,voice,46,57,266,284
04311d2ad745c4c6,5,voice,45,89,244,483
04311d2ad745c4c6,6,voice,40,86,248,434
04311d2ad745c4c6,7,voice,36,91,223,488
04311d2ad745c4c6,8,voice,41,72,254,403
74ee6a013b1d50b3,1,voice,18,64,118,336
74ee6a013b1d50b3,2,voice,36,61,181,316
74ee6a013b1d50b3,3,voice,39,58,208,340
74ee6a013b1d50b3,4,voice,40,42,232,230
74ee6a013b1d50b3,5,voice,43,65,226,352
74ee6a013b1d50b3,6,voice,41,34,246,193
74ee6a013b1d50b3,7,voice,47,72,265,413
74ee6a013b1d50b3,8,voice,35,62,201,351
8bcf4a8ef4be7cba,1,voice,18,29,118,150
8bcf4a8ef4be7cba,2,voice,36,39,199,167
8bcf4a8ef4be7cba,3,voice,35,41,195,207
8bcf4a8ef4be7cba,4,voice,38,66,217,341
8bcf4a8ef4be7cba,5,voice,43,118,243,561
8bcf4a8ef4be7cba,6,voice,37,121,209,588
8bcf4a8ef4be7cba,7,voice,40,61,241,306
8bcf4a8ef4be7cba,8,voice,45,67,253,332
abe8e3027db90040,1,voice,18,34,118,193
abe8e3027db90040,2,voice,26,69,149,336
abe8e3027db90040,3,voice,42,61,244,297
abe8e3027db90040,4,voice,45,62,253,326
abe8e3027db90040,5,voice,37,45,203,240
abe8e3027db90040,6,voice,40,57,225,282
abe8e3027db90040,7,voice,32,56,192,299
abe8e3027db90040,8,voice,38,62,244,326
cb76d03be5d6b3ac,1,voice,18,58,118,318
cb76d03be5d6b3ac,2,voice,40,177,210,932
cb76d03be5d6b3ac,3,voice,46,243,261,1287
cb76d03be5d6b3ac,4,voice,45,316,281,1716
cb76d03be5d6b3ac,5,voice,56,258,351,1285
cb76d03be5d6b3ac,6,voice,54,199,325,1054
cb76d03be5d6b3ac,7,voice,42,124,255,670
cb76d03be5d6b3ac,8,voice,43,274,253,1473
97f6aaf7d17e1706,1,voice,18,50,118,261
97f6aaf7d17e1706,2,voice,33,68,172,323
97f6aaf7d17e1706,3,voice,26,117,142,595
97f6aaf7d17e1706,4,voice,40,94,228,526
97f6aaf7d17e1706,5,voice,38,73,208,383
97f6aaf7d17e1706,6,voice,45,59,275,307
97f6aaf7d17e1706,7,voice,37,75,212,373
97f6aaf7d17e1706,8,voice,34,60,207,344
ca1edc15c837e28e,1,voice,18,43,118,216
ca1edc15c837e28e,2,voice,30,60,168,307
ca1edc15c837e28e,3,voice,34,118,210,677
ca1edc15c837e28e,4,voice,31,76,201,360
ca1edc15c837e28e,5,voice,38,151,234,803
ca1edc15c837e28e,6,voice,45,102,263,512
ca1edc15c837e28e,7,voice,41,134,254,647
ca1edc15c837e28e,8,voice,36,134,211,649
11e5443a9c9c5d6e,1,voice,18,8,118,47
11e5443a9c9c5d6e,2,voice,22,35,111,161
11e5443a9c9c5d6e,3,voice,31,36,170,181
11e5443a9c9c5d6e,4,voice,40,29,257,145
11e5443a9c9c5d6e,5,voice,44,26,244,128
11e5443a9c9c5d6e,6,voice,36,20,193,110
11e5443a9c9c5d6e,7,voice,41,17,253,78
11e5443a9c9c5d6e,8,voice,43,12,258,64
901b1e68b9a21d2e,1,voice,18,70,118,356
901b1e68b9a21d2e,2,voice,41,107,217,574
901b1e68b9a21d2e,3,voice,29,79,163,385
901b1e68b9a21d2e,4,voice,40,89,241,460
901b1e68b9a21d2e,5,voice,50,28,287,148
901b1e68b9a21d2e,6,voice,51,81,281,438
901b1e68b9a21d2e,7,voice,49,87,279,441
901b1e68b9a21d2e,8,voice,47,74,245,383
62db37d23852862b,1,voice,18,42,118,196
62db37d23852862b,2,voice,29,50,154,259
62db37d23852862b,3,voice,41,29,245,143
62db37d23852862b,4,voice,45,20,249,131
62db37d23852862b,5,voice,40,17,251,95
62db37d23852862b,6,voice,32,60,173,304
62db37d23852862b,7,voice,43,67,274,333
62db37d23852862b,8,voice,44,12,266,55
fe0757521e1d3e76,1,voice,18,9,118,41
fe0757521e1d3e76,2,voice,23,87,125,428
fe0757521e1d3e76,3,voice,46,24,255,128
fe0757521e1d3e76,4,voice,32,46,189,253
fe0757521e1d3e76,5,voice,43,38,239,206
fe0757521e1d3e76,6,voice,31,48,183,259
fe0757521e1d3e76,7,voice,29,49,186,267
fe0757521e1d3e76,8,voice,42,1,261,3
edc04ff5e481112b,1,voice,18,7,118,42
edc04ff5e481112b,2,voice,28,45,162,258
edc04ff5e481112b,3,voice,38,105,206,510
edc04ff5e481112b,4,voice,34,138,219,762
edc04ff5e481112b,5,voice,42,189,258,1002
edc04ff5e481112b,6,voice,40,292,231,1586
edc04ff5e481112b,7,voice,45,398,252,2093
edc04ff5e481112b,8,voice,48,128,280,668
06a4dd916c731ccf,1,text,18,7,118,39
06a4dd916c731ccf,2,text,28,12,149,54
06a4dd916c731ccf,3,text,21,6,106,42
06a4dd916c731ccf,4,text,43,7,254,36
06a4dd916c731ccf,5,text,44,11,264,64
06a4dd916c731ccf,6,text,45,5,266,29
06a4dd916c731ccf,7,text,46,6,272,30
06a4dd916c731ccf,8,text,37,3,213,13
df3aa70f59b84ff1,1,voice,18,20,118,112
df3aa70f59b84ff1,2,voice,37,15,188,70
df3aa70f59b84ff1,3,voice,26,50,135,267
df3aa70f59b84ff1,4,voice,47,30,293,165
df3aa70f59b84ff1,5,voice,34,45,196,266
df3aa70f59b84ff1,6,voice,40,71,242,368
df3aa70f59b84ff1,7,voice,47,72,292,385
df3aa70f59b84ff1,8,voice,51,198,302,997
cb4fa8f65ecfa814,1,voice,18,58,118,307
cb4fa8f65ecfa814,2,voice,28,55,172,280
cb4fa8f65ecfa814,3,voice,31,37,212,223
cb4fa8f65ecfa814,4,voice,31,79,175,395
cb4fa8f65ecfa814,5,voice,31,60,187,318
cb4fa8f65ecfa814,6,voice,33,96,218,480
cb4fa8f65ecfa814,7,voice,41,60,246,304
cb4fa8f65ecfa814,8,voice,34,60,223,314
9fc1c0064ceb93cd,1,voice,18,23,118,134
9fc1c0064ceb93cd,2,voice,35,27,195,137
9fc1c0064ceb93cd,3,voice,44,28,233,136
9fc1c0064ceb93cd,4,voice,40,16,233,77
9fc1c0064ceb93cd,5,voice,33,14,177,68
9fc1c0064ceb93cd,6,voice,36,23,217,112
9fc1c0064ceb93cd,7,voice,46,22,270,128
9fc1c0064ceb93cd,8,voice,34,1,201,3
bdb2c3e399606ce4,1,voice,18,14,118,79
bdb2c3e399606ce4,2,voice,25,15,153,94
bdb2c3e399606ce4,3,voice,39,15,193,78
bdb2c3e399606ce4,4,voice,40,24,223,135
bdb2c3e399606ce4,5,voice,37,49,208,253
bdb2c3e399606ce4,6,voice,36,41,220,225
bdb2c3e399606ce4,7,voice,41,28,228,137
bdb2c3e399606ce4,8,voice,41,34,248,196
61766c21a780a6d9,1,text,18,18,118,83
61766c21a780a6d9,2,text,30,8,147,40
61766c21a780a6d9,3,text,22,7,123,53
61766c21a780a6d9,4,text,41,12,251,65
61766c21a780a6d9,5,text,36,9,199,40
61766c21a780a6d9,6,text,35,14,204,74
61766c21a780a6d9,7,text,23,21,143,99
61766c21a780a6d9,8,text,35,21,217,101
333a4e955656276f,1,voice,18,8,118,58
333a4e955656276f,2,voice,28,29,146,162
333a4e955656276f,3,voice,28,4,169,20
333a4e955656276f,4,voice,30,22,185,121
333a4e955656276f,5,voice,34,39,207,214
333a4e955656276f,6,voice,34,57,186,333
333a4e955656276f,7,voice,37,58,208,338
333a4e955656276f,8,voice,39,6,225,28
72148bfd1d0973af,1,voice,18,28,118,149
72148bfd1d0973af,2,voice,42,74,223,381
72148bfd1d0973af,3,voice,44,43,261,221
72148bfd1d0973af,4,voice,39,77,201,383
72148bfd1d0973af,5,voice,36,61,202,325
72148bfd1d0973af,6,voice,48,1,261,3
72148bfd1d0973af,7,voice,52,33,274,187
72148bfd1d0973af,8,voice,41,67,235,402
bb43950de402cf68,1,voice,18,53,118,259
bb43950de402cf68,2,voice,39,107,200,577
bb43950de402cf68,3,voice,38,99,202,511
bb43950de402cf68,4,voice,35,75,207,390
bb43950de402cf68,5,voice,56,67,278,364
bb43950de402cf68,6,voice,48,66,272,351
bb43950de402cf68,7,voice,28,36,150,193
bb43950de402cf68,8,voice,45,89,277,482
90a26c5862848d7f,1,voice,18,84,118,478
90a26c5862848d7f,2,voice,43,390,267,2013
90a26c5862848d7f,3,voice,47,210,271,1243
90a26c5862848d7f,4,voice,38,197,273,1056
90a26c5862848d7f,5,voice,48,69,276,372
90a26c5862848d7f,6,voice,44,184,301,934
90a26c5862848d7f,7,voice,41,94,235,475
90a26c5862848d7f,8,voice,44,21,271,136
f8610fec106ff80d,1,voice,18,40,118,210
f8610fec106ff80d,2,voice,37,74,198,347
f8610fec106ff80d,3,voice,35,85,206,454
f8610fec106ff80d,4,voice,33,64,200,343
f8610fec106ff80d,5,voice,45,80,235,409
f8610fec106ff80d,6,voice,44,75,252,385
f8610fec106ff80d,7,voice,50,148,287,766
f8610fec106ff80d,8,voice,44,34,274,175
ccae674b4ff562be,1,voice,18,18,118,96
ccae674b4ff562be,2,voice,27,49,158,261
ccae674b4ff562be,3,voice,29,35,158,171
ccae674b4ff562be,4,text,41,22,243,114
ccae674b4ff562be,5,text,39,30,211,140
ccae674b4ff562be,6,text,37,29,232,136
ccae674b4ff562be,7,text,47,19,277,82
ccae674b4ff562be,8,text,43,12,259,58
56bf7903d2e713c7,1,text,18,20,118,109
56bf7903d2e713c7,2,text,28,65,154,308
56bf7903d2e713c7,3,text,43,64,240,359
56bf7903d2e713c7,4,text,32,94,183,489
56bf7903d2e713c7,5,text,46,58,286,295
56bf7903d2e713c7,6,text,50,69,300,332
56bf7903d2e713c7,7,text,41,5,243,22
56bf7903d2e713c7,8,text,51,1,305,5
13acdf8c5c78ff2c,1,voice,18,3,118,12
13acdf8c5c78ff2c,2,voice,24,40,126,204
13acdf8c5c78ff2c,3,voice,32,20,174,114
13acdf8c5c78ff2c,4,voice,40,30,224,155
13acdf8c5c78ff2c,5,voice,38,35,222,167
13acdf8c5c78ff2c,6,voice,40,47,236,244
13acdf8c5c78ff2c,7,voice,41,33,226,194
13acdf8c5c78ff2c,8,voice,42,65,247,352
a92d69730b8c4ae0,1,text,18,6,118,31
a92d69730b8c4ae0,2,text,22,21,111,106
a92d69730b8c4ae0,3,text,35,18,191,84
a92d69730b8c4ae0,4,text,34,17,190,82
a92d69730b8c4ae0,5,text,32,9,184,48
a92d69730b8c4ae0,6,text,37,25,218,112
a92d69730b8c4ae0,7,text,40,8,203,47
a92d69730b8c4ae0,8,text,41,8,236,44
761f1ce0efbbce9e,1,voice,18,22,118,133
761f1ce0efbbce9e,2,voice,26,42,138,223
761f1ce0efbbce9e,3,voice,26,46,155,239
761f1ce0efbbce9e,4,voice,40,66,231,316
761f1ce0efbbce9e,5,voice,33,19,209,107
761f1ce0efbbce9e,6,voice,32,17,178,100
761f1ce0efbbce9e,7,voice,29,54,196,299
761f1ce0efbbce9e,8,voice,38,28,235,149
82db7bf9aab23ea9,1,text,18,17,118,96
82db7bf9aab23ea9,2,text,23,30,144,161
82db7bf9aab23ea9,3,text,32,36,187,179
82db7bf9aab23ea9,4,text,42,10,258,48
82db7bf9aab23ea9,5,text,31,22,152,122
82db7bf9aab23ea9,6,text,40,34,201,177
82db7bf9aab23ea9,7,text,33,48,212,253
82db7bf9aab23ea9,8,text,43,35,258,200
cac06cf49267cb04,1,text,18,25,118,112
cac06cf49267cb04,2,text,32,35,164,174
cac06cf49267cb04,3,text,39,37,213,198
cac06cf49267cb04,4,text,34,22,200,108
cac06cf49267cb04,5,text,32,40,179,224
cac06cf49267cb04,6,text,44,4,262,13
cac06cf49267cb04,7,text,38,47,235,265
cac06cf49267cb04,8,text,48,24,277,126
f9ac4b8a3e8bbb4e,1,voice,18,18,118,91
f9ac4b8a3e8bbb4e,2,voice,26,55,148,289
f9ac4b8a3e8bbb4e,3,voice,29,42,160,219
f9ac4b8a3e8bbb4e,4,voice,37,68,226,360
f9ac4b8a3e8bbb4e,5,voice,46,32,271,190
f9ac4b8a3e8bbb4e,6,voice,40,49,235,271
f9ac4b8a3e8bbb4e,7,voice,36,93,202,507
f9ac4b8a3e8bbb4e,8,voice,41,87,263,483
b96bd44f593949b7,1,voice,18,5,118,29
b96bd44f593949b7,2,voice,29,45,163,229
b96bd44f593949b7,3,voice,26,60,160,314
b96bd44f593949b7,4,voice,45,65,265,347
b96bd44f593949b7,5,voice,36,63,211,327
b96bd44f593949b7,6,voice,51,55,324,311
b96bd44f593949b7,7,voice,30,58,217,303
b96bd44f593949b7,8,voice,42,38,246,199
d0948831f2fd6c9a,1,voice,18,10,118,59
d0948831f2fd6c9a,2,voice,25,11,131,54
d0948831f2fd6c9a,3,voice,27,28,155,170
d0948831f2fd6c9a,4,voice,37,11,210,54
d0948831f2fd6c9a,5,voice,37,16,220,103
d0948831f2fd6c9a,6,voice,40,16,239,80
d0948831f2fd6c9a,7,voice,33,21,193,107
d0948831f2fd6c9a,8,voice,33,5,199,21
bcaf50d01f330313,1,voice,18,27,118,162
bcaf50d01f330313,2,voice,28,40,146,193
bcaf50d01f330313,3,voice,36,56,208,320
bcaf50d01f330313,4,voice,43,23,257,124
bcaf50d01f330313,5,voice,41,34,241,201
bcaf50d01f330313,6,voice,49,54,273,293
bcaf50d01f330313,7,voice,40,47,225,263
bcaf50d01f330313,8,voice,42,48,248,264
5cac8fe98f0a075d,1,text,18,37,118,192
5cac8fe98f0a075d,2,text,26,51,165,263
5cac8fe98f0a075d,3,text,28,56,167,325
5cac8fe98f0a075d,4,text,42,89,284,468
5cac8fe98f0a075d,5,text,41,53,243,277
5cac8fe98f0a075d,6,voice,33,73,191,376
5cac8fe98f0a075d,7,voice,38,182,241,1003
5cac8fe98f0a075d,8,voice,43,140,283,724
f59ad690cbd0e6c3,1,voice,18,35,118,182
f59ad690cbd0e6c3,2,voice,34,55,214,256
f59ad690cbd0e6c3,3,voice,27,50,164,251
f59ad690cbd0e6c3,4,voice,32,41,203,190
f59ad690cbd0e6c3,5,voice,40,49,246,233
f59ad690cbd0e6c3,6,voice,29,42,164,215
f59ad690cbd0e6c3,7,voice,37,59,200,298
f59ad690cbd0e6c3,8,voice,44,79,264,381
a7f9aa7ea5df8acf,1,voice,18,13,118,62
a7f9aa7ea5df8acf,2,voice,28,15,150,75
a7f9aa7ea5df8acf,3,voice,28,74,143,397
a7f9aa7ea5df8acf,4,voice,39,25,257,134
a7f9aa7ea5df8acf,5,voice,33,54,200,278
a7f9aa7ea5df8acf,6,voice,48,69,254,347
a7f9aa7ea5df8acf,7,voice,40,124,234,645
a7f9aa7ea5df8acf,8,voice,40,106,249,555
05dc9cc1ea5a74bc,1,voice,18,83,118,465
05dc9cc1ea5a74bc,2,voice,39,218,220,1187
05dc9cc1ea5a74bc,3,voice,59,122,329,640
05dc9cc1ea5a74bc,4,voice,52,370,297,1890
05dc9cc1ea5a74bc,5,voice,43,190,271,954
05dc9cc1ea5a74bc,6,voice,52,206,283,1041
05dc9cc1ea5a74bc,7,voice,38,407,224,2130
05dc9cc1ea5a74bc,8,voice,43,52,267,262
a22e24bd1aef3c96,1,voice,18,15,118,78
a22e24bd1aef3c96,2,voice,22,30,120,135
a22e24bd1aef3c96,3,voice,25,52,144,229
a22e24bd1aef3c96,4,voice,38,54,208,280
a22e24bd1aef3c96,5,voice,40,38,205,185
a22e24bd1aef3c96,6,voice,33,65,192,322
a22e24bd1aef3c96,7,voice,38,27,216,150
a22e24bd1aef3c96,8,voice,42,37,232,194
7aa3b079e2dda8a1,1,voice,18,33,118,167
7aa3b079e2dda8a1,2,voice,39,52,223,251
7aa3b079e2dda8a1,3,text,33,55,200,295
7aa3b079e2dda8a1,4,text,43,62,263,368
7aa3b079e2dda8a1,5,text,43,52,238,335
7aa3b079e2dda8a1,6,text,37,50,233,256
7aa3b079e2dda8a1,7,text,39,46,237,284
7aa3b079e2dda8a1,8,text,40,61,233,370
b382256ca5a24f97,1,voice,18,9,118,58
b382256ca5a24f97,2,voice,22,34,111,177
b382256ca5a24f97,3,voice,35,32,202,153
b382256ca5a24f97,4,voice,41,19,230,89
b382256ca5a24f97,5,voice,33,16,161,81
b382256ca5a24f97,6,voice,29,40,169,209
b382256ca5a24f97,7,voice,39,28,218,154
b382256ca5a24f97,8,voice,38,8,230,41
6d94ac5f05b3776e,1,voice,18,57,118,309
6d94ac5f05b3776e,2,voice,40,74,232,380
6d94ac5f05b3776e,3,voice,35,88,221,437
6d94ac5f05b3776e,4,voice,53,60,313,315
6d94ac5f05b3776e,5,voice,39,28,228,152
6d94ac5f05b3776e,6,voice,41,43,253,201
6d94ac5f05b3776e,7,voice,37,45,222,228
6d94ac5f05b3776e,8,voice,44,9,256,38
d626dfd972cd0a7d,1,text,18,2,118,11
d626dfd972cd0a7d,2,text,26,17,131,93
d626dfd972cd0a7d,3,text,27,37,174,192
d626dfd972cd0a7d,4,text,35,35,193,176
d626dfd972cd0a7d,5,text,43,7,239,37
d626dfd972cd0a7d,6,text,37,21,204,115
d626dfd972cd0a7d,7,text,44,5,232,24
d626dfd972cd0a7d,8,text,32,5,196,23
7eefc6f2e7826814,1,voice,18,10,118,59
7eefc6f2e7826814,2,voice,34,5,202,28
7eefc6f2e7826814,3,voice,27,9,157,52
7eefc6f2e7826814,4,voice,34,17,179,90
7eefc6f2e7826814,5,voice,44,17,260,102
7eefc6f2e7826814,6,voice,45,17,258,98
7eefc6f2e7826814,7,voice,37,4,198,17
7eefc6f2e7826814,8,voice,36,2,198,11
44bb0706ca255d7e,1,voice,18,19,118,101
44bb0706ca255d7e,2,voice,26,44,140,239
44bb0706ca255d7e,3,voice,38,12,210,45
44bb0706ca255d7e,4,voice,43,47,235,253
44bb0706ca255d7e,5,voice,37,28,215,125
44bb0706ca255d7e,6,voice,42,35,253,174
44bb0706ca255d7e,7,voice,52,38,280,214
44bb0706ca255d7e,8,voice,44,48,274,227
8c30dfbb7ee2fbe8,1,voice,18,61,118,321
8c30dfbb7ee2fbe8,2,voice,38,84,206,453
8c30dfbb7ee2fbe8,3,voice,46,153,235,760
8c30dfbb7ee2fbe8,4,voice,47,130,252,661
8c30dfbb7ee2fbe8,5,voice,44,185,275,970
8c30dfbb7ee2fbe8,6,voice,42,106,259,549
8c30dfbb7ee2fbe8,7,voice,41,100,238,553
8c30dfbb7ee2fbe8,8,voice,45,100,269,538
721f6be7c6c2c5e8,1,voice,18,11,118,56
721f6be7c6c2c5e8,2,voice,18,22,102,110
721f6be7c6c2c5e8,3,voice,19,16,111,81
721f6be7c6c2c5e8,4,voice,39,26,207,131
721f6be7c6c2c5e8,5,voice,41,23,223,124
721f6be7c6c2c5e8,6,voice,38,38,209,186
721f6be7c6c2c5e8,7,voice,47,24,247,123
721f6be7c6c2c5e8,8,voice,38,34,238,176
b2db432aa5f7dbbc,1,voice,18,61,118,311
b2db432aa5f7dbbc,2,voice,36,87,199,456
b2db432aa5f7dbbc,3,voice,49,113,297,554
b2db432aa5f7dbbc,4,voice,48,150,286,770
b2db432aa5f7dbbc,5,voice,46,51,269,272
b2db432aa5f7dbbc,6,voice,51,85,292,472
b2db432aa5f7dbbc,7,voice,59,63,350,306
b2db432aa5f7dbbc,8,voice,43,36,273,206
5f03a63347991312,1,voice,18,38,118,186
5f03a63347991312,2,voice,29,56,154,255
5f03a63347991312,3,voice,32,81,193,428
5f03a63347991312,4,voice,34,90,215,475
5f03a63347991312,5,voice,48,107,272,541
5f03a63347991312,6,voice,47,70,270,349
5f03a63347991312,7,voice,37,65,250,373
5f03a63347991312,8,voice,43,76,251,470
971e17af6c60aec7,1,voice,18,7,118,36
971e17af6c60aec7,2,voice,28,29,155,167
971e17af6c60aec7,3,voice,35,54,212,289
971e17af6c60aec7,4,voice,41,72,253,369
971e17af6c60aec7,5,voice,39,48,204,242
971e17af6c60aec7,6,voice,50,43,276,249
971e17af6c60aec7,7,voice,37,40,231,220
971e17af6c60aec7,8,voice,33,9,213,44
f7e046c06d20f5f6,1,voice,18,41,118,203
f7e046c06d20f5f6,2,voice,36,101,222,539
f7e046c06d20f5f6,3,voice,42,113,213,577
f7e046c06d20f5f6,4,voice,45,49,262,250
f7e046c06d20f5f6,5,voice,46,170,303,902
f7e046c06d20f5f6,6,voice,51,88,324,447
f7e046c06d20f5f6,7,voice,47,150,269,780
f7e046c06d20f5f6,8,voice,47,169,275,872
153e1235a7bc0b55,1,voice,18,26,118,144
153e1235a7bc0b55,2,voice,44,28,246,133
153e1235a7bc0b55,3,voice,38,19,212,90
153e1235a7bc0b55,4,voice,38,25,224,134
153e1235a7bc0b55,5,voice,37,10,195,51
153e1235a7bc0b55,6,text,38,13,200,65
153e1235a7bc0b55,7,text,32,31,173,177
153e1235a7bc0b55,8,text,42,8,261,48
b8a1d8c350a12933,1,text,18,8,118,40
b8a1d8c350a12933,2,text,27,65,147,321
b8a1d8c350a12933,3,text,39,29,204,144
b8a1d8c350a12933,4,text,46,23,276,116
b8a1d8c350a12933,5,text,32,24,180,131
b8a1d8c350a12933,6,text,35,17,226,93
b8a1d8c350a12933,7,text,40,20,235,106
b8a1d8c350a12933,8,text,43,72,253,373
78497a8102898b56,1,voice,18,21,118,118
78497a8102898b56,2,text,35,13,185,76
78497a8102898b56,3,text,25,15,147,73
78497a8102898b56,4,text,39,12,230,53
78497a8102898b56,5,text,31,13,156,70
78497a8102898b56,6,text,33,27,178,127
78497a8102898b56,7,text,40,25,212,125
78497a8102898b56,8,text,40,21,224,118
3a4931c85b6bb77d,1,voice,18,36,118,187
3a4931c85b6bb77d,2,voice,32,70,184,362
3a4931c85b6bb77d,3,voice,41,87,242,403
3a4931c85b6bb77d,4,voice,37,94,202,494
3a4931c85b6bb77d,5,voice,37,141,226,697
3a4931c85b6bb77d,6,voice,35,80,206,400
3a4931c85b6bb77d,7,voice,51,106,304,530
3a4931c85b6bb77d,8,voice,51,18,299,97
fad13b189dc3f535,1,voice,18,40,118,223
fad13b189dc3f535,2,voice,46,125,264,639
fad13b189dc3f535,3,voice,30,121,180,659
fad13b189dc3f535,4,voice,45,70,267,358
fad13b189dc3f535,5,voice,39,60,236,299
fad13b189dc3f535,6,voice,48,29,308,173
fad13b189dc3f535,7,voice,41,48,247,243
fad13b189dc3f535,8,voice,47,56,279,294
df0d758a5477b83c,1,voice,18,48,118,239
df0d758a5477b83c,2,voice,38,45,205,232
df0d758a5477b83c,3,voice,27,55,159,273
df0d758a5477b83c,4,voice,38,99,223,550
df0d758a5477b83c,5,voice,34,103,217,555
df0d758a5477b83c,6,voice,37,68,230,367
df0d758a5477b83c,7,voice,47,86,289,470
df0d758a5477b83c,8,voice,41,26,232,141
1c2579f87fb55244,1,voice,18,88,118,448
1c2579f87fb55244,2,voice,34,63,193,326
1c2579f87fb55244,3,voice,38,53,208,256
1c2579f87fb55244,4,voice,40,80,240,438
1c2579f87fb55244,5,voice,42,97,226,518
1c2579f87fb55244,6,voice,33,40,196,219
1c2579f87fb55244,7,voice,34,72,184,385
1c2579f87fb55244,8,voice,37,128,213,650
9faec1665116d796,1,voice,18,34,118,168
9faec1665116d796,2,voice,31,50,168,249
9faec1665116d796,3,voice,32,92,193,458
9faec1665116d796,4,voice,42,19,242,102
9faec1665116d796,5,voice,18,58,104,337
9faec1665116d796,6,voice,36,26,221,167
9faec1665116d796,7,voice,36,88,229,467
9faec1665116d796,8,voice,40,135,233,771
fadf83bd9ea5f19b,1,voice,18,15,118,87
fadf83bd9ea5f19b,2,voice,24,36,160,174
fadf83bd9ea5f19b,3,voice,44,50,255,267
fadf83bd9ea5f19b,4,voice,35,27,219,125
fadf83bd9ea5f19b,5,voice,48,53,259,284
fadf83bd9ea5f19b,6,voice,43,53,259,309
fadf83bd9ea5f19b,7,voice,37,42,232,245
fadf83bd9ea5f19b,8,voice,40,88,250,407
eaa866102ec57941,1,voice,18,10,118,61
eaa866102ec57941,2,voice,26,25,149,150
eaa866102ec57941,3,voice,21,19,132,102
eaa866102ec57941,4,voice,37,29,204,138
eaa866102ec57941,5,voice,37,34,211,176
eaa866102ec57941,6,voice,43,40,240,237
eaa866102ec57941,7,voice,37,38,228,197
eaa866102ec57941,8,voice,33,11,197,55
e2905065a183e73e,1,text,18,113,118,629
e2905065a183e73e,2,text,33,82,200,468
e2905065a183e73e,3,text,53,59,302,322
e2905065a183e73e,4,text,47,11,284,60
e2905065a183e73e,5,text,48,65,284,356
e2905065a183e73e,6,text,45,65,276,364
e2905065a183e73e,7,text,42,8,263,44
e2905065a183e73e,8,text,38,35,247,189
8a09978d91039693,1,voice,18,12,118,65
8a09978d91039693,2,voice,28,22,164,112
8a09978d91039693,3,voice,24,35,148,206
8a09978d91039693,4,voice,29,21,199,125
8a09978d91039693,5,voice,25,24,154,112
8a09978d91039693,6,voice,25,14,160,77
8a09978d91039693,7,voice,32,27,209,152
8a09978d91039693,8,voice,38,17,241,91
7d752fefddfca23e,1,voice,18,9,118,56
7d752fefddfca23e,2,voice,28,36,156,171
7d752fefddfca23e,3,voice,30,51,179,249
7d752fefddfca23e,4,voice,34,40,214,219
7d752fefddfca23e,5,voice,41,47,233,244
7d752fefddfca23e,6,voice,39,22,222,111
7d752fefddfca23e,7,voice,46,28,266,149
7d752fefddfca23e,8,voice,37,15,219,82
2bfe07abba85396f,1,voice,18,25,118,126
2bfe07abba85396f,2,voice,36,89,196,450
2bfe07abba85396f,3,voice,37,36,217,179
2bfe07abba85396f,4,voice,45,37,239,201
2bfe07abba85396f,5,voice,48,89,268,463
2bfe07abba85396f,6,voice,40,104,226,540
2bfe07abba85396f,7,voice,44,51,253,276
2bfe07abba85396f,8,voice,49,11,282,63
4c0618a1f49cf2e9,1,voice,18,22,118,124
4c0618a1f49cf2e9,2,voice,39,64,221,314
4c0618a1f49cf2e9,3,voice,33,76,184,398
4c0618a1f49cf2e9,4,voice,38,57,214,295
4c0618a1f49cf2e9,5,voice,40,80,237,398
4c0618a1f49cf2e9,6,voice,37,93,218,471
4c0618a1f49cf2e9,7,voice,43,46,246,230
4c0618a1f49cf2e9,8,voice,42,74,240,399
ed14bc3f70d6cec5,1,voice,18,36,118,211
ed14bc3f70d6cec5,2,voice,26,36,161,178
ed14bc3f70d6cec5,3,voice,33,60,183,326
ed14bc3f70d6cec5,4,voice,42,77,241,400
ed14bc3f70d6cec5,5,voice,36,73,196,377
ed14bc3f70d6cec5,6,voice,61,88,350,468
ed14bc3f70d6cec5,7,voice,43,87,254,468
ed14bc3f70d6cec5,8,voice,43,87,263,468
9dbce82bce25d24e,1,text,18,12,118,77
9dbce82bce25d24e,2,text,29,19,171,97
9dbce82bce25d24e,3,text,33,9,194,70
9dbce82bce25d24e,4,text,38,17,240,83
9dbce82bce25d24e,5,text,41,12,254,76
9dbce82bce25d24e,6,text,46,11,274,63
9dbce82bce25d24e,7,text,45,26,256,145
9dbce82bce25d24e,8,text,45,24,263,153
c038519ac4670f62,1,voice,18,88,118,434
c038519ac4670f62,2,voice,35,68,220,317
c038519ac4670f62,3,voice,27,87,146,423
c038519ac4670f62,4,voice,47,129,279,669
c038519ac4670f62,5,voice,45,107,245,555
c038519ac4670f62,6,voice,49,74,300,373
c038519ac4670f62,7,voice,50,75,292,379
c038519ac4670f62,8,voice,36,37,216,213
6db699e0a33315d4,1,voice,18,6,118,32
6db699e0a33315d4,2,voice,31,34,166,213
6db699e0a33315d4,3,voice,32,12,179,53
6db699e0a33315d4,4,voice,36,9,206,47
6db699e0a33315d4,5,voice,43,21,231,104
6db699e0a33315d4,6,voice,39,38,205,170
6db699e0a33315d4,7,voice,37,24,204,139
6db699e0a33315d4,8,voice,46,39,278,174
bb10b3e293fa7488,1,voice,18,44,118,248
bb10b3e293fa7488,2,voice,30,30,168,158
bb10b3e293fa7488,3,voice,38,50,218,274
bb10b3e293fa7488,4,voice,40,45,225,227
bb10b3e293fa7488,5,voice,37,76,207,381
bb10b3e293fa7488,6,voice,53,50,292,263
bb10b3e293fa7488,7,voice,43,62,261,313
bb10b3e293fa7488,8,voice,38,20,226,108
7c0d0af95f8b1f08,1,voice,18,13,118,67
7c0d0af95f8b1f08,2,voice,32,14,167,72
7c0d0af95f8b1f08,3,voice,25,4,148,27
7c0d0af95f8b1f08,4,voice,42,17,237,78
7c0d0af95f8b1f08,5,voice,43,13,240,62
7c0d0af95f8b1f08,6,voice,35,11,168,61
7c0d0af95f8b1f08,7,voice,40,14,226,72
7c0d0af95f8b1f08,8,voice,40,24,233,113
ec02d5c2a65d3fd2,1,voice,18,11,118,52
ec02d5c2a65d3fd2,2,voice,28,40,146,200
ec02d5c2a65d3fd2,3,voice,39,56,204,264
ec02d5c2a65d3fd2,4,voice,39,32,233,178
ec02d5c2a65d3fd2,5,voice,39,42,244,230
ec02d5c2a65d3fd2,6,voice,39,87,234,446
ec02d5c2a65d3fd2,7,voice,42,49,253,245
ec02d5c2a65d3fd2,8,voice,47,4,275,18
54cc4241bdbfff9e,1,voice,18,60,118,331
54cc4241bdbfff9e,2,voice,39,110,219,579
54cc4241bdbfff9e,3,voice,40,90,257,484
54cc4241bdbfff9e,4,voice,39,85,249,494
54cc4241bdbfff9e,5,voice,41,138,230,753
54cc4241bdbfff9e,6,voice,45,113,263,624
54cc4241bdbfff9e,7,voice,37,86,223,478
54cc4241bdbfff9e,8,voice,45,123,265,655
97773a8839d3f6fe,1,voice,18,28,118,135
97773a8839d3f6fe,2,voice,32,111,195,584
97773a8839d3f6fe,3,voice,46,53,255,282
97773a8839d3f6fe,4,voice,41,96,234,526
97773a8839d3f6fe,5,voice,45,79,297,411
97773a8839d3f6fe,6,voice,47,67,297,348
97773a8839d3f6fe,7,voice,40,42,227,229
97773a8839d3f6fe,8,voice,40,72,244,385
ac2d736537b2aa39,1,voice,18,53,118,261
ac2d736537b2aa39,2,voice,31,79,185,397
ac2d736537b2aa39,3,voice,53,205,311,1124
ac2d736537b2aa39,4,voice,49,130,286,657
ac2d736537b2aa39,5,voice,43,76,244,371
ac2d736537b2aa39,6,voice,45,221,268,1164
ac2d736537b2aa39,7,voice,36,152,242,814
ac2d736537b2aa39,8,voice,42,126,255,617
87e1dbf2ddd33fb1,1,voice,18,45,118,245
87e1dbf2ddd33fb1,2,voice,36,51,220,250
87e1dbf2ddd33fb1,3,voice,35,55,174,276
87e1dbf2ddd33fb1,4,voice,43,72,238,362
87e1dbf2ddd33fb1,5,voice,37,91,226,491
87e1dbf2ddd33fb1,6,voice,35,76,214,424
87e1dbf2ddd33fb1,7,voice,44,124,252,607
87e1dbf2ddd33fb1,8,voice,41,68,261,350
d4cec8da03bc12ab,1,voice,18,29,118,144
d4cec8da03bc12ab,2,voice,26,64,139,337
d4cec8da03bc12ab,3,voice,29,42,152,220
d4cec8da03bc12ab,4,voice,44,55,255,287
d4cec8da03bc12ab,5,voice,30,49,175,243
d4cec8da03bc12ab,6,voice,39,51,245,274
d4cec8da03bc12ab,7,voice,42,36,247,169
d4cec8da03bc12ab,8,voice,36,40,210,211
c842caeb15405a78,1,voice,18,46,118,238
c842caeb15405a78,2,voice,38,67,230,317
c842caeb15405a78,3,voice,42,103,222,529
c842caeb15405a78,4,voice,43,52,247,262
c842caeb15405a78,5,voice,49,70,279,357
c842caeb15405a78,6,voice,44,36,251,175
c842caeb15405a78,7,voice,34,52,210,278
c842caeb15405a78,8,voice,38,123,235,651
740b157201268df1,1,voice,18,84,118,429
740b157201268df1,2,voice,35,94,209,473
740b157201268df1,3,voice,40,73,251,382
740b157201268df1,4,voice,44,117,257,602
740b157201268df1,5,voice,49,109,304,584
740b157201268df1,6,voice,39,78,251,441
740b157201268df1,7,voice,42,174,253,1003
740b157201268df1,8,voice,52,44,307,231
b3f7e055bf4647c4,1,voice,18,19,118,102
b3f7e055bf4647c4,2,voice,31,19,164,84
b3f7e055bf4647c4,3,voice,35,24,185,118
b3f7e055bf4647c4,4,voice,39,14,221,70
b3f7e055bf4647c4,5,voice,32,31,173,164
b3f7e055bf4647c4,6,voice,45,18,255,103
b3f7e055bf4647c4,7,voice,46,30,274,141
b3f7e055bf4647c4,8,voice,36,7,218,28
a7ac88105b8c14d3,1,voice,18,23,118,100
a7ac88105b8c14d3,2,voice,24,24,133,107
a7ac88105b8c14d3,3,voice,39,32,211,153
a7ac88105b8c14d3,4,voice,44,29,263,148
a7ac88105b8c14d3,5,voice,42,38,226,192
a7ac88105b8c14d3,6,voice,36,10,228,56
a7ac88105b8c14d3,7,voice,35,58,174,251
a7ac88105b8c14d3,8,voice,40,7,237,35
f323942068c63066,1,voice,18,40,118,195
f323942068c63066,2,voice,36,52,186,242
f323942068c63066,3,voice,33,65,181,349
f323942068c63066,4,voice,43,114,227,580
f323942068c63066,5,voice,49,33,282,177
f323942068c63066,6,voice,42,139,269,721
f323942068c63066,7,voice,42,49,273,239
f323942068c63066,8,voice,28,93,182,440
a3557ae863ad9e1d,1,voice,18,51,118,247
a3557ae863ad9e1d,2,voice,31,56,175,292
a3557ae863ad9e1d,3,voice,39,23,231,108
a3557ae863ad9e1d,4,voice,32,58,196,311
a3557ae863ad9e1d,5,voice,34,67,194,348
a3557ae863ad9e1d,6,voice,43,43,268,220
a3557ae863ad9e1d,7,voice,44,38,245,197
a3557ae863ad9e1d,8,voice,47,37,305,191
ad62d2edd2e18b97,1,voice,18,7,118,35
ad62d2edd2e18b97,2,voice,24,20,134,95
ad62d2edd2e18b97,3,voice,30,32,157,166
ad62d2edd2e18b97,4,voice,48,11,253,60
ad62d2edd2e18b97,5,voice,31,35,156,166
ad62d2edd2e18b97,6,voice,39,55,218,278
ad62d2edd2e18b97,7,voice,44,23,263,117
ad62d2edd2e18b97,8,voice,37,48,213,226
3828779ad7644dd3,1,voice,18,5,118,23
3828779ad7644dd3,2,voice,26,13,142,67
3828779ad7644dd3,3,voice,35,28,192,132
3828779ad7644dd3,4,voice,38,27,216,144
3828779ad7644dd3,5,voice,39,52,248,254
3828779ad7644dd3,6,voice,43,28,241,167
3828779ad7644dd3,7,voice,42,27,268,135
3828779ad7644dd3,8,voice,42,59,250,310
41c5996495e366da,1,voice,18,23,118,105
41c5996495e366da,2,voice,34,30,182,150
41c5996495e366da,3,voice,35,62,189,313
41c5996495e366da,4,voice,36,64,219,353
41c5996495e366da,5,voice,41,55,238,301
41c5996495e366da,6,voice,42,62,261,301
41c5996495e366da,7,voice,40,85,251,446
41c5996495e366da,8,voice,42,36,241,201
54b98e8a7620dd67,1,voice,18,23,118,110
54b98e8a7620dd67,2,voice,30,22,174,90
54b98e8a7620dd67,3,voice,36,34,192,168
54b98e8a7620dd67,4,voice,41,18,245,81
54b98e8a7620dd67,5,voice,32,44,168,221
54b98e8a7620dd67,6,voice,35,22,234,130
54b98e8a7620dd67,7,voice,32,43,195,212
54b98e8a7620dd67,8,voice,34,6,212,28
4dc0b760b47b9e68,1,text,18,74,118,380
4dc0b760b47b9e68,2,text,41,62,219,302
4dc0b760b47b9e68,3,text,40,98,218,489
4dc0b760b47b9e68,4,text,40,61,228,296
4dc0b760b47b9e68,5,text,45,48,255,270
4dc0b760b47b9e68,6,text,47,49,280,263
4dc0b760b47b9e68,7,text,49,78,298,397
4dc0b760b47b9e68,8,text,38,7,236,30
5d841d10765ae730,1,voice,18,145,118,701
5d841d10765ae730,2,voice,37,118,199,639
5d841d10765ae730,3,voice,38,178,222,900
5d841d10765ae730,4,voice,48,50,279,263
5d841d10765ae730,5,voice,52,158,290,831
5d841d10765ae730,6,voice,35,168,207,886
5d841d10765ae730,7,voice,39,91,253,496
5d841d10765ae730,8,voice,45,27,275,135
fabbe87caf2e1c00,1,voice,18,7,118,35
fabbe87caf2e1c00,2,voice,25,36,150,164
fabbe87caf2e1c00,3,voice,33,42,169,219
fabbe87caf2e1c00,4,voice,34,43,210,213
fabbe87caf2e1c00,5,voice,34,22,189,132
fabbe87caf2e1c00,6,voice,34,64,225,374
fabbe87caf2e1c00,7,voice,35,113,218,595
fabbe87caf2e1c00,8,voice,41,15,252,78
c425ac83f24beef2,1,voice,18,34,118,160
c425ac83f24beef2,2,voice,46,63,237,314
c425ac83f24beef2,3,voice,39,84,235,439
c425ac83f24beef2,4,voice,50,27,317,128
c425ac83f24beef2,5,voice,51,47,332,242
c425ac83f24beef2,6,voice,45,37,239,190
c425ac83f24beef2,7,voice,47,22,254,117
c425ac83f24beef2,8,voice,37,23,218,113
248480856d4a9c8c,1,voice,18,14,118,71
248480856d4a9c8c,2,voice,36,18,179,79
248480856d4a9c8c,3,voice,37,15,211,71
248480856d4a9c8c,4,voice,42,24,226,137
248480856d4a9c8c,5,voice,39,14,213,68
248480856d4a9c8c,6,voice,39,7,219,41
248480856d4a9c8c,7,voice,35,25,229,135
248480856d4a9c8c,8,voice,50,40,287,227
36d1ca03b3d61873,1,voice,18,23,118,119
36d1ca03b3d61873,2,voice,34,90,179,443
36d1ca03b3d61873,3,voice,39,95,233,488
36d1ca03b3d61873,4,voice,44,47,265,260
36d1ca03b3d61873,5,voice,47,76,231,401
36d1ca03b3d61873,6,voice,38,119,214,621
36d1ca03b3d61873,7,voice,52,179,294,912
36d1ca03b3d61873,8,voice,38,88,219,453
5ae9064e5cbccf07,1,voice,18,16,118,93
5ae9064e5cbccf07,2,voice,28,45,154,226
5ae9064e5cbccf07,3,voice,38,46,201,252
5ae9064e5cbccf07,4,voice,37,44,219,241
5ae9064e5cbccf07,5,voice,44,99,254,504
5ae9064e5cbccf07,6,voice,48,60,284,324
5ae9064e5cbccf07,7,voice,42,79,283,469
5ae9064e5cbccf07,8,voice,40,88,241,416
0266776e84599980,1,voice,18,24,118,129
0266776e84599980,2,voice,35,32,178,169
0266776e84599980,3,voice,38,42,206,219
0266776e84599980,4,voice,41,50,253,251
0266776e84599980,5,voice,43,62,243,303
0266776e84599980,6,voice,39,47,233,249
0266776e84599980,7,voice,51,27,293,146
0266776e84599980,8,voice,47,55,281,272
25d9c5f16c668c52,1,voice,18,6,118,34
25d9c5f16c668c52,2,voice,29,33,163,166
25d9c5f16c668c52,3,voice,35,31,203,147
25d9c5f16c668c52,4,voice,41,11,228,51
25d9c5f16c668c52,5,voice,39,37,187,169
25d9c5f16c668c52,6,voice,46,34,246,181
25d9c5f16c668c52,7,voice,30,57,186,288
25d9c5f16c668c52,8,voice,38,33,239,166
5e00cb1279c86d31,1,voice,18,8,118,40
5e00cb1279c86d31,2,voice,28,16,142,73
5e00cb1279c86d31,3,voice,37,35,188,174
5e00cb1279c86d31,4,voice,38,32,207,161
5e00cb1279c86d31,5,voice,34,13,207,77
5e00cb1279c86d31,6,voice,25,15,143,74
5e00cb1279c86d31,7,voice,35,12,198,65
5e00cb1279c86d31,8,voice,37,20,206,109
37899912f4a5a971,1,voice,18,159,118,797
37899912f4a5a971,2,voice,38,157,183,767
37899912f4a5a971,3,voice,39,114,226,561
37899912f4a5a971,4,voice,40,188,225,1035
37899912f4a5a971,5,voice,41,144,263,729
37899912f4a5a971,6,voice,58,57,351,288
37899912f4a5a971,7,voice,37,90,235,475
37899912f4a5a971,8,voice,52,101,292,488
649f1789cf99857f,1,voice,18,59,118,293
649f1789cf99857f,2,text,34,12,191,50
649f1789cf99857f,3,text,31,39,161,180
649f1789cf99857f,4,text,37,34,236,181
649f1789cf99857f,5,text,33,76,200,382
649f1789cf99857f,6,text,45,21,250,110
649f1789cf99857f,7,text,46,42,260,233
649f1789cf99857f,8,text,41,13,248,61
3715bc392d7a07ee,1,voice,18,13,118,62
3715bc392d7a07ee,2,voice,34,18,172,98
3715bc392d7a07ee,3,voice,39,20,211,100
3715bc392d7a07ee,4,voice,35,11,198,58
3715bc392d7a07ee,5,voice,42,13,222,51
3715bc392d7a07ee,6,voice,42,29,236,159
3715bc392d7a07ee,7,voice,36,16,200,87
3715bc392d7a07ee,8,voice,37,5,224,23
68eaac889f651fe0,1,voice,18,29,118,150
68eaac889f651fe0,2,voice,39,78,228,369
68eaac889f651fe0,3,voice,38,45,220,213
68eaac889f651fe0,4,voice,42,31,267,144
68eaac889f651fe0,5,voice,45,56,238,285
68eaac889f651fe0,6,voice,38,91,237,456
68eaac889f651fe0,7,voice,48,66,259,309
68eaac889f651fe0,8,voice,39,42,229,210
5c9113c3b7df8e3e,1,voice,18,29,118,142
5c9113c3b7df8e3e,2,voice,39,79,198,431
5c9113c3b7df8e3e,3,voice,27,55,188,279
5c9113c3b7df8e3e,4,voice,45,102,265,524
5c9113c3b7df8e3e,5,voice,36,62,189,368
5c9113c3b7df8e3e,6,voice,37,99,207,499
5c9113c3b7df8e3e,7,voice,50,202,294,1046
5c9113c3b7df8e3e,8,voice,51,93,304,469
f3cca123640d3386,1,voice,18,48,118,253
f3cca123640d3386,2,voice,35,39,197,189
f3cca123640d3386,3,voice,30,105,185,562
f3cca123640d3386,4,voice,42,63,270,340
f3cca123640d3386,5,voice,42,72,248,375
f3cca123640d3386,6,voice,37,81,216,432
f3cca123640d3386,7,voice,35,63,219,343
f3cca123640d3386,8,voice,48,124,295,633
2e7d088561cde19d,1,voice,18,43,118,232
2e7d088561cde19d,2,voice,34,85,190,439
2e7d088561cde19d,3,voice,32,38,200,197
2e7d088561cde19d,4,voice,43,50,259,274
2e7d088561cde19d,5,voice,47,49,297,247
2e7d088561cde19d,6,voice,38,52,245,280
2e7d088561cde19d,7,voice,39,47,262,214
2e7d088561cde19d,8,voice,41,8,248,47
847c51b8edf36462,1,voice,18,5,118,27
847c51b8edf36462,2,voice,22,6,110,26
847c51b8edf36462,3,voice,25,20,126,107
847c51b8edf36462,4,voice,33,20,200,100
847c51b8edf36462,5,voice,43,8,237,42
847c51b8edf36462,6,voice,39,28,208,164
847c51b8edf36462,7,voice,35,3,208,15
847c51b8edf36462,8,voice,32,15,199,70
30f98abadffddf8e,1,voice,18,37,118,198
30f98abadffddf8e,2,voice,34,39,185,215
30f98abadffddf8e,3,voice,32,61,177,329
30f98abadffddf8e,4,voice,40,46,242,259
30f98abadffddf8e,5,voice,41,63,249,344
30f98abadffddf8e,6,voice,41,51,248,278
30f98abadffddf8e,7,voice,39,49,236,264
30f98abadffddf8e,8,voice,39,57,238,307
9cb164abacf3625b,1,text,18,34,118,197
9cb164abacf3625b,2,text,37,36,230,202
9cb164abacf3625b,3,text,37,47,219,267
9cb164abacf3625b,4,text,40,58,244,330
9cb164abacf3625b,5,text,52,61,300,376
9cb164abacf3625b,6,text,40,41,239,249
9cb164abacf3625b,7,text,56,88,336,518
9cb164abacf3625b,8,text,38,59,239,347
0abdb72dd1d9ebaf,1,voice,18,18,118,89
0abdb72dd1d9ebaf,2,voice,34,35,182,158
0abdb72dd1d9ebaf,3,voice,37,46,201,212
0abdb72dd1d9ebaf,4,voice,39,56,210,306
0abdb72dd1d9ebaf,5,voice,39,42,230,235
0abdb72dd1d9ebaf,6,voice,38,38,230,232
0abdb72dd1d9ebaf,7,voice,48,56,276,298
0abdb72dd1d9ebaf,8,voice,44,46,255,229
95ad60153e77940d,1,text,18,149,118,819
95ad60153e77940d,2,text,43,60,248,310
95ad60153e77940d,3,text,36,89,215,487
95ad60153e77940d,4,text,34,119,225,641
95ad60153e77940d,5,text,51,79,295,470
95ad60153e77940d,6,text,51,67,316,364
95ad60153e77940d,7,text,33,129,210,697
95ad60153e77940d,8,text,37,100,224,553
57e921dbf3976ff9,1,voice,18,11,118,66
57e921dbf3976ff9,2,voice,37,29,224,144
57e921dbf3976ff9,3,voice,40,40,225,193
57e921dbf3976ff9,4,voice,39,26,224,125
57e921dbf3976ff9,5,voice,49,27,269,140
57e921dbf3976ff9,6,voice,47,38,287,214
57e921dbf3976ff9,7,voice,37,63,240,319
57e921dbf3976ff9,8,voice,36,32,227,158
6c13354781f251c4,1,voice,18,13,118,71
6c13354781f251c4,2,voice,27,34,156,150
6c13354781f251c4,3,voice,22,38,139,200
6c13354781f251c4,4,voice,40,22,226,110
6c13354781f251c4,5,voice,28,58,161,303
6c13354781f251c4,6,voice,42,50,248,261
6c13354781f251c4,7,voice,42,77,259,429
6c13354781f251c4,8,voice,53,70,313,361
5dac8afcada7c2a4,1,voice,18,39,118,213
5dac8afcada7c2a4,2,voice,27,62,145,311
5dac8afcada7c2a4,3,voice,44,51,240,268
5dac8afcada7c2a4,4,voice,36,56,209,283
5dac8afcada7c2a4,5,voice,51,45,300,231
5dac8afcada7c2a4,6,voice,45,31,257,180
5dac8afcada7c2a4,7,voice,35,76,249,397
5dac8afcada7c2a4,8,voice,39,97,237,479
d59a7be61b6d34c0,1,text,18,10,118,66
d59a7be61b6d34c0,2,text,32,9,168,48
d59a7be61b6d34c0,3,text,31,9,154,42
d59a7be61b6d34c0,4,text,34,9,195,52
d59a7be61b6d34c0,5,text,27,5,135,31
d59a7be61b6d34c0,6,text,29,14,158,74
d59a7be61b6d34c0,7,text,49,9,284,47
d59a7be61b6d34c0,8,text,31,16,186,73
a46c865723cc0c1e,1,voice,18,22,118,104
a46c865723cc0c1e,2,voice,30,56,161,269
a46c865723cc0c1e,3,voice,33,32,183,166
a46c865723cc0c1e,4,voice,44,49,268,241
a46c865723cc0c1e,5,voice,38,88,207,463
a46c865723cc0c1e,6,voice,37,47,226,252
a46c865723cc0c1e,7,voice,41,82,229,405
a46c865723cc0c1e,8,voice,42,11,236,56
5a6edee02aac678f,1,voice,18,13,118,54
5a6edee02aac678f,2,voice,39,26,189,139
5a6edee02aac678f,3,voice,32,25,177,145
5a6edee02aac678f,4,voice,42,16,233,84
5a6edee02aac678f,5,voice,45,30,261,162
5a6edee02aac678f,6,voice,39,34,225,192
5a6edee02aac678f,7,voice,45,52,271,262
5a6edee02aac678f,8,voice,38,6,232,28
036858a3a8430897,1,voice,18,20,118,114
036858a3a8430897,2,voice,29,26,157,109
036858a3a8430897,3,voice,36,38,191,179
036858a3a8430897,4,voice,38,27,209,147
036858a3a8430897,5,voice,35,56,227,278
036858a3a8430897,6,voice,40,40,237,226
036858a3a8430897,7,voice,41,54,246,262
036858a3a8430897,8,voice,43,67,236,354
086ecf273585a9a4,1,voice,18,35,118,182
086ecf273585a9a4,2,voice,31,119,205,601
086ecf273585a9a4,3,voice,35,176,202,894
086ecf273585a9a4,4,voice,43,44,259,222
086ecf273585a9a4,5,voice,53,66,300,389
086ecf273585a9a4,6,voice,38,49,244,274
086ecf273585a9a4,7,voice,44,146,287,732
086ecf273585a9a4,8,voice,58,66,325,346
4911e6bef9ac963c,1,voice,18,32,118,176
4911e6bef9ac963c,2,voice,38,12,212,68
4911e6bef9ac963c,3,voice,30,15,166,73
4911e6bef9ac963c,4,voice,40,18,219,95
4911e6bef9ac963c,5,voice,34,16,196,85
4911e6bef9ac963c,6,voice,44,29,240,152
4911e6bef9ac963c,7,voice,41,32,234,173
4911e6bef9ac963c,8,voice,41,34,250,184
f003c96b131253d6,1,voice,18,43,118,227
f003c96b131253d6,2,voice,39,20,192,89
f003c96b131253d6,3,voice,35,11,193,60
f003c96b131253d6,4,voice,38,13,216,82
f003c96b131253d6,5,voice,39,37,230,215
f003c96b131253d6,6,voice,43,43,246,228
f003c96b131253d6,7,voice,35,16,211,86
f003c96b131253d6,8,voice,35,24,218,145
e510d4025a1f07f7,1,text,18,6,118,28
e510d4025a1f07f7,2,text,28,11,156,50
e510d4025a1f07f7,3,text,25,4,138,22
e510d4025a1f07f7,4,text,33,6,191,31
e510d4025a1f07f7,5,text,38,9,207,52
e510d4025a1f07f7,6,text,35,9,190,35
e510d4025a1f07f7,7,text,34,16,178,67
e510d4025a1f07f7,8,text,48,4,286,14
addff8dc6e11e669,1,voice,18,35,118,174
addff8dc6e11e669,2,voice,35,122,183,616
addff8dc6e11e669,3,voice,38,188,212,918
addff8dc6e11e669,4,voice,42,58,272,323
addff8dc6e11e669,5,voice,38,128,208,631
addff8dc6e11e669,6,voice,54,187,325,973
addff8dc6e11e669,7,voice,43,263,261,1329
addff8dc6e11e669,8,voice,53,149,307,773
ba0ae2459e448093,1,voice,18,47,118,234
ba0ae2459e448093,2,voice,35,65,178,323
ba0ae2459e448093,3,voice,38,72,229,361
ba0ae2459e448093,4,voice,49,54,294,257
ba0ae2459e448093,5,voice,37,62,213,303
ba0ae2459e448093,6,voice,45,69,244,353
ba0ae2459e448093,7,voice,39,46,231,218
ba0ae2459e448093,8,voice,40,73,234,334
a134d663306eaf79,1,voice,18,38,118,187
a134d663306eaf79,2,voice,29,83,163,420
a134d663306eaf79,3,voice,40,71,254,354
a134d663306eaf79,4,voice,41,100,250,538
a134d663306eaf79,5,voice,49,102,262,529
a134d663306eaf79,6,voice,58,96,348,467
a134d663306eaf79,7,voice,33,89,220,479
a134d663306eaf79,8,voice,45,58,271,306
ab0d4cea5548f80a,1,voice,18,20,118,120
ab0d4cea5548f80a,2,voice,34,22,207,113
ab0d4cea5548f80a,3,voice,34,28,199,131
ab0d4cea5548f80a,4,voice,31,29,192,138
ab0d4cea5548f80a,5,voice,39,23,206,112
ab0d4cea5548f80a,6,voice,39,14,227,80
ab0d4cea5548f80a,7,voice,40,41,245,202
ab0d4cea5548f80a,8,voice,30,10,184,50
6e8cf4836e13dd9d,1,voice,18,11,118,53
6e8cf4836e13dd9d,2,voice,30,55,156,282
6e8cf4836e13dd9d,3,voice,44,52,257,291
6e8cf4836e13dd9d,4,voice,41,29,259,172
6e8cf4836e13dd9d,5,voice,40,43,227,217
6e8cf4836e13dd9d,6,voice,41,37,262,215
6e8cf4836e13dd9d,7,voice,47,47,268,255
6e8cf4836e13dd9d,8,voice,40,52,250,258
d8e85ef0973f5cae,1,voice,18,22,118,117
d8e85ef0973f5cae,2,voice,37,32,185,145
d8e85ef0973f5cae,3,voice,39,32,228,157
d8e85ef0973f5cae,4,voice,37,34,218,181
d8e85ef0973f5cae,5,voice,47,30,278,167
d8e85ef0973f5cae,6,voice,41,17,236,99
d8e85ef0973f5cae,7,voice,43,40,261,190
d8e85ef0973f5cae,8,voice,52,17,316,91
ebffac6e5df1cc08,1,voice,18,54,118,289
ebffac6e5df1cc08,2,voice,33,41,170,190
ebffac6e5df1cc08,3,voice,29,54,179,263
ebffac6e5df1cc08,4,voice,42,33,233,157
ebffac6e5df1cc08,5,voice,44,39,248,219
ebffac6e5df1cc08,6,voice,44,67,232,343
ebffac6e5df1cc08,7,voice,38,75,225,357
ebffac6e5df1cc08,8,voice,38,90,250,465
436f8fdfd9f19736,1,text,18,21,118,122
436f8fdfd9f19736,2,text,32,82,185,437
436f8fdfd9f19736,3,text,39,27,226,140
436f8fdfd9f19736,4,text,33,45,194,236
436f8fdfd9f19736,5,text,46,52,290,286
436f8fdfd9f19736,6,text,41,68,236,369
436f8fdfd9f19736,7,text,34,116,216,647
436f8fdfd9f19736,8,text,50,54,270,288
9cfb62646c810049,1,text,18,17,118,84
9cfb62646c810049,2,text,30,18,148,93
9cfb62646c810049,3,text,28,20,168,102
9cfb62646c810049,4,text,39,31,221,160
9cfb62646c810049,5,text,36,59,227,319
9cfb62646c810049,6,text,45,30,282,157
9cfb62646c810049,7,text,48,23,261,120
9cfb62646c810049,8,text,43,7,263,44
84ca074474b9b6ad,1,text,18,36,118,169
84ca074474b9b6ad,2,text,35,47,181,230
84ca074474b9b6ad,3,voice,33,30,213,148
84ca074474b9b6ad,4,voice,41,31,255,155
84ca074474b9b6ad,5,voice,47,27,277,129
84ca074474b9b6ad,6,voice,43,29,255,161
84ca074474b9b6ad,7,voice,48,46,302,230
84ca074474b9b6ad,8,voice,36,8,225,40
337e9146d26fc3eb,1,voice,18,11,118,61
337e9146d26fc3eb,2,voice,28,78,166,381
337e9146d26fc3eb,3,voice,39,148,205,741
337e9146d26fc3eb,4,voice,39,36,231,199
337e9146d26fc3eb,5,voice,44,78,252,411
337e9146d26fc3eb,6,voice,44,74,263,391
337e9146d26fc3eb,7,voice,44,93,244,459
337e9146d26fc3eb,8,voice,40,66,241,309
c7383a60cb3d5477,1,voice,18,25,118,144
c7383a60cb3d5477,2,text,37,10,216,50
c7383a60cb3d5477,3,voice,23,49,131,245
c7383a60cb3d5477,4,voice,37,44,211,227
c7383a60cb3d5477,5,voice,42,36,255,182
c7383a60cb3d5477,6,voice,37,21,215,137
c7383a60cb3d5477,7,voice,50,37,292,206
c7383a60cb3d5477,8,voice,41,4,248,19
9c82fc4c36156f08,1,voice,18,11,118,67
9c82fc4c36156f08,2,voice,34,35,197,193
9c82fc4c36156f08,3,voice,29,83,160,436
9c82fc4c36156f08,4,voice,47,75,258,376
9c82fc4c36156f08,5,voice,43,111,255,575
9c82fc4c36156f08,6,voice,43,105,263,550
9c82fc4c36156f08,7,voice,43,46,257,271
9c82fc4c36156f08,8,voice,46,29,257,167
24905a929f5aaec2,1,voice,18,11,118,65
24905a929f5aaec2,2,voice,25,45,150,238
24905a929f5aaec2,3,voice,35,105,181,607
24905a929f5aaec2,4,voice,30,123,196,671
24905a929f5aaec2,5,voice,41,62,233,323
24905a929f5aaec2,6,voice,40,53,227,292
24905a929f5aaec2,7,voice,38,27,248,174
24905a929f5aaec2,8,voice,41,151,266,800
298335236c158975,1,voice,18,58,118,288
298335236c158975,2,voice,38,67,220,353
298335236c158975,3,voice,45,91,261,448
298335236c158975,4,voice,40,86,217,435
298335236c158975,5,voice,44,79,240,451
298335236c158975,6,voice,40,106,247,502
298335236c158975,7,voice,40,85,228,422
298335236c158975,8,voice,40,83,233,426
24ea44f928c011ba,1,voice,18,32,118,172
24ea44f928c011ba,2,voice,30,42,163,208
24ea44f928c011ba,3,voice,25,45,137,236
24ea44f928c011ba,4,voice,43,33,257,175
24ea44f928c011ba,5,voice,42,37,250,195
24ea44f928c011ba,6,voice,36,43,219,232
24ea44f928c011ba,7,voice,40,56,246,260
24ea44f928c011ba,8,voice,39,75,223,431
8371a2887ae72076,1,voice,18,52,118,248
8371a2887ae72076,2,voice,35,123,204,733
8371a2887ae72076,3,voice,43,56,248,301
8371a2887ae72076,4,voice,38,94,229,543
8371a2887ae72076,5,voice,55,114,300,595
8371a2887ae72076,6,voice,40,96,245,508
8371a2887ae72076,7,voice,38,32,229,194
8371a2887ae72076,8,voice,44,73,245,420
8de500ff0f84f538,1,voice,18,113,118,616
8de500ff0f84f538,2,voice,37,44,240,234
8de500ff0f84f538,3,voice,41,174,238,903
8de500ff0f84f538,4,voice,38,135,229,687
8de500ff0f84f538,5,text,45,54,281,301
8de500ff0f84f538,6,text,48,89,307,473
8de500ff0f84f538,7,text,45,19,257,106
8de500ff0f84f538,8,text,43,13,250,60
cdc1fd8a83edc5a9,1,voice,18,13,118,67
cdc1fd8a83edc5a9,2,voice,29,48,162,214
cdc1fd8a83edc5a9,3,voice,30,16,163,85
cdc1fd8a83edc5a9,4,voice,33,25,185,133
cdc1fd8a83edc5a9,5,voice,34,18,212,107
cdc1fd8a83edc5a9,6,voice,38,3,237,12
cdc1fd8a83edc5a9,7,voice,54,32,305,164
cdc1fd8a83edc5a9,8,voice,41,1,245,3
76b6976d3c95342a,1,text,18,10,118,64
76b6976d3c95342a,2,text,29,18,167,93
76b6976d3c95342a,3,text,26,23,165,117
76b6976d3c95342a,4,text,44,54,248,300
76b6976d3c95342a,5,text,43,48,260,248
76b6976d3c95342a,6,text,49,47,287,249
76b6976d3c95342a,7,text,41,16,254,80
76b6976d3c95342a,8,text,37,58,214,337
0d3cc90a72fbaf72,1,text,18,2,118,10
0d3cc90a72fbaf72,2,text,25,33,122,156
0d3cc90a72fbaf72,3,text,43,24,247,104
0d3cc90a72fbaf72,4,text,39,15,225,77
0d3cc90a72fbaf72,5,text,30,38,160,204
0d3cc90a72fbaf72,6,text,45,7,248,51
0d3cc90a72fbaf72,7,text,43,31,249,147
0d3cc90a72fbaf72,8,text,38,20,225,119
9306e20a3c8202a6,1,text,18,6,118,27
9306e20a3c8202a6,2,text,28,40,138,194
9306e20a3c8202a6,3,text,38,54,214,284
9306e20a3c8202a6,4,text,35,54,239,302
9306e20a3c8202a6,5,text,47,65,266,349
9306e20a3c8202a6,6,text,55,84,331,460
9306e20a3c8202a6,7,text,48,64,307,346
9306e20a3c8202a6,8,text,46,59,279,301
c32a7e5368c4de97,1,voice,18,177,118,927
c32a7e5368c4de97,2,voice,49,202,269,1147
c32a7e5368c4de97,3,voice,43,236,258,1196
c32a7e5368c4de97,4,voice,51,118,279,653
c32a7e5368c4de97,5,voice,52,242,316,1380
c32a7e5368c4de97,6,voice,53,287,294,1493
c32a7e5368c4de97,7,voice,43,130,268,686
c32a7e5368c4de97,8,voice,39,177,245,912
a499c9666324fe8a,1,text,18,17,118,93
a499c9666324fe8a,2,text,29,31,165,179
a499c9666324fe8a,3,text,31,31,201,150
a499c9666324fe8a,4,text,45,36,262,177
a499c9666324fe8a,5,text,37,32,236,155
a499c9666324fe8a,6,text,36,41,210,215
a499c9666324fe8a,7,text,47,33,282,188
a499c9666324fe8a,8,text,39,47,221,257
1940655aa6fd764b,1,voice,18,32,118,171
1940655aa6fd764b,2,voice,29,62,154,310
1940655aa6fd764b,3,voice,34,82,196,402
1940655aa6fd764b,4,voice,50,140,280,739
1940655aa6fd764b,5,voice,45,85,250,436
1940655aa6fd764b,6,voice,51,98,312,482
1940655aa6fd764b,7,voice,45,2,270,3
1940655aa6fd764b,8,voice,37,98,214,503
1fcd68a516b33f04,1,voice,18,31,118,166
1fcd68a516b33f04,2,voice,31,76,171,382
1fcd68a516b33f04,3,voice,38,72,199,403
1fcd68a516b33f04,4,voice,41,40,224,220
1fcd68a516b33f04,5,voice,33,136,171,730
1fcd68a516b33f04,6,voice,53,79,304,404
1fcd68a516b33f04,7,voice,45,226,269,1145
1fcd68a516b33f04,8,voice,53,81,299,444
e4829fb39326588e,1,voice,18,33,118,170
e4829fb39326588e,2,voice,42,57,240,279
e4829fb39326588e,3,voice,34,80,203,430
e4829fb39326588e,4,voice,45,59,277,296
e4829fb39326588e,5,voice,35,35,213,195
e4829fb39326588e,6,voice,42,50,251,245
e4829fb39326588e,7,voice,44,94,254,461
e4829fb39326588e,8,voice,36,71,222,372
234e7d4c1559a3d0,1,voice,18,14,118,71
234e7d4c1559a3d0,2,voice,26,49,152,229
234e7d4c1559a3d0,3,voice,41,101,219,501
234e7d4c1559a3d0,4,voice,45,111,270,571
234e7d4c1559a3d0,5,voice,44,116,255,598
234e7d4c1559a3d0,6,voice,37,152,231,763
234e7d4c1559a3d0,7,voice,51,66,320,363
234e7d4c1559a3d0,8,voice,43,24,267,140
dad40041f6cb7ef4,1,voice,18,65,118,328
dad40041f6cb7ef4,2,voice,40,62,197,331
dad40041f6cb7ef4,3,voice,28,57,162,265
dad40041f6cb7ef4,4,voice,44,93,249,520
dad40041f6cb7ef4,5,voice,43,60,250,323
dad40041f6cb7ef4,6,voice,38,68,245,344
dad40041f6cb7ef4,7,voice,25,67,140,355
dad40041f6cb7ef4,8,voice,48,36,290,211
0ef0a9479b25eda6,1,text,18,10,118,54
0ef0a9479b25eda6,2,text,29,12,157,55
0ef0a9479b25eda6,3,text,29,23,172,104
0ef0a9479b25eda6,4,text,38,57,214,295
0ef0a9479b25eda6,5,text,47,62,281,319
0ef0a9479b25eda6,6,text,39,63,209,326
0ef0a9479b25eda6,7,text,44,44,255,226
0ef0a9479b25eda6,8,text,45,45,271,243
8b73e21092f24bd1,1,voice,18,39,118,198
8b73e21092f24bd1,2,voice,34,45,181,234
8b73e21092f24bd1,3,voice,37,54,235,302
8b73e21092f24bd1,4,voice,43,50,227,250
8b73e21092f24bd1,5,voice,39,39,221,199
8b73e21092f24bd1,6,voice,47,31,262,161
8b73e21092f24bd1,7,voice,43,31,247,186
8b73e21092f24bd1,8,voice,37,35,223,203
338e11072f0a9a3c,1,voice,18,108,118,544
338e11072f0a9a3c,2,voice,41,143,215,715
338e11072f0a9a3c,3,voice,49,97,291,492
338e11072f0a9a3c,4,voice,44,105,234,522
338e11072f0a9a3c,5,voice,38,71,213,376
338e11072f0a9a3c,6,voice,35,60,206,310
338e11072f0a9a3c,7,voice,34,24,185,143
338e11072f0a9a3c,8,voice,33,102,201,539
bba08ffaa6b4972e,1,text,18,36,118,185
bba08ffaa6b4972e,2,text,36,41,206,228
bba08ffaa6b4972e,3,text,38,44,208,249
bba08ffaa6b4972e,4,text,34,40,222,235
bba08ffaa6b4972e,5,text,35,29,202,162
bba08ffaa6b4972e,6,text,30,31,190,148
bba08ffaa6b4972e,7,text,33,39,211,213
bba08ffaa6b4972e,8,text,43,21,252,136
01d6c865ad629e1f,1,voice,18,12,118,57
01d6c865ad629e1f,2,voice,22,27,117,140
01d6c865ad629e1f,3,voice,28,24,152,115
01d6c865ad629e1f,4,voice,39,25,218,130
01d6c865ad629e1f,5,voice,39,17,228,88
01d6c865ad629e1f,6,voice,30,40,158,195
01d6c865ad629e1f,7,voice,46,64,261,324
01d6c865ad629e1f,8,voice,54,2,325,11
e15dc1ccfc02dea4,1,voice,18,13,118,68
e15dc1ccfc02dea4,2,voice,19,33,104,158
e15dc1ccfc02dea4,3,voice,27,22,152,110
e15dc1ccfc02dea4,4,voice,48,35,279,189
e15dc1ccfc02dea4,5,voice,46,28,287,132
e15dc1ccfc02dea4,6,voice,51,50,280,255
e15dc1ccfc02dea4,7,voice,44,48,246,254
e15dc1ccfc02dea4,8,voice,44,35,241,171
1c8a868b5e0ce4ef,1,voice,18,14,118,69
1c8a868b5e0ce4ef,2,voice,26,60,125,301
1c8a868b5e0ce4ef,3,voice,38,85,222,430
1c8a868b5e0ce4ef,4,voice,47,52,284,261
1c8a868b5e0ce4ef,5,voice,45,56,251,283
1c8a868b5e0ce4ef,6,voice,47,81,283,397
1c8a868b5e0ce4ef,7,voice,48,54,295,307
1c8a868b5e0ce4ef,8,voice,48,101,278,527
2c779c0028c91422,1,voice,18,33,118,148
2c779c0028c91422,2,voice,33,67,181,368
2c779c0028c91422,3,voice,35,121,200,661
2c779c0028c91422,4,voice,38,185,220,988
2c779c0028c91422,5,voice,53,166,299,851
2c779c0028c91422,6,voice,42,149,227,755
2c779c0028c91422,7,voice,46,162,265,860
2c779c0028c91422,8,voice,49,344,263,1726
9d41a316406ab604,1,text,18,29,118,138
9d41a316406ab604,2,text,32,56,163,276
9d41a316406ab604,3,text,43,45,226,271
9d41a316406ab604,4,text,30,46,195,264
9d41a316406ab604,5,text,46,49,243,291
9d41a316406ab604,6,text,43,40,254,224
9d41a316406ab604,7,text,44,66,283,403
9d41a316406ab604,8,text,47,58,305,310
7a28a7b7738bc656,1,text,18,10,118,58
7a28a7b7738bc656,2,text,26,22,153,114
7a28a7b7738bc656,3,text,31,16,182,79
7a28a7b7738bc656,4,text,31,13,197,72
7a28a7b7738bc656,5,text,35,32,191,175
7a28a7b7738bc656,6,text,49,16,294,78
7a28a7b7738bc656,7,text,32,17,169,80
7a28a7b7738bc656,8,text,34,4,213,16
ea0c4e9dce422f7c,1,voice,18,11,118,53
ea0c4e9dce422f7c,2,voice,24,40,132,198
ea0c4e9dce422f7c,3,voice,30,38,173,187
ea0c4e9dce422f7c,4,voice,27,25,155,146
ea0c4e9dce422f7c,5,voice,39,36,207,185
ea0c4e9dce422f7c,6,voice,30,17,177,93
ea0c4e9dce422f7c,7,voice,38,32,246,171
ea0c4e9dce422f7c,8,voice,42,9,243,42
2b66cc6ef7bd17ea,1,voice,18,44,118,240
2b66cc6ef7bd17ea,2,voice,37,211,195,1139
2b66cc6ef7bd17ea,3,voice,58,201,339,1091
2b66cc6ef7bd17ea,4,voice,46,153,252,799
2b66cc6ef7bd17ea,5,voice,39,266,237,1401
2b66cc6ef7bd17ea,6,voice,61,163,336,897
2b66cc6ef7bd17ea,7,voice,48,139,306,789
2b66cc6ef7bd17ea,8,voice,48,196,283,1034
92dabeb709641989,1,voice,18,49,118,266
92dabeb709641989,2,voice,37,72,220,379
92dabeb709641989,3,voice,31,121,169,646
92dabeb709641989,4,voice,47,104,274,534
92dabeb709641989,5,voice,34,87,185,485
92dabeb709641989,6,voice,49,129,276,669
92dabeb709641989,7,voice,43,128,259,702
92dabeb709641989,8,voice,45,182,272,1025
f3ccb99647a78111,1,voice,18,17,118,84
f3ccb99647a78111,2,voice,21,13,111,57
f3ccb99647a78111,3,voice,31,29,172,133
f3ccb99647a78111,4,voice,44,27,255,133
f3ccb99647a78111,5,voice,44,8,249,38
f3ccb99647a78111,6,voice,46,11,248,57
f3ccb99647a78111,7,voice,38,10,228,52
f3ccb99647a78111,8,voice,34,5,209,23
5ed80b15ba44099f,1,voice,18,17,118,88
5ed80b15ba44099f,2,voice,28,5,176,19
5ed80b15ba44099f,3,voice,22,35,117,192
5ed80b15ba44099f,4,voice,35,31,188,159
5ed80b15ba44099f,5,voice,38,38,215,185
5ed80b15ba44099f,6,voice,41,37,242,193
5ed80b15ba44099f,7,voice,46,109,274,537
5ed80b15ba44099f,8,voice,49,71,307,392
3307a1b25ba01794,1,voice,18,18,118,94
3307a1b25ba01794,2,voice,29,60,165,313
3307a1b25ba01794,3,voice,33,74,181,406
3307a1b25ba01794,4,voice,47,55,266,312
3307a1b25ba01794,5,voice,41,71,233,368
3307a1b25ba01794,6,voice,39,88,239,482
3307a1b25ba01794,7,voice,46,86,270,474
3307a1b25ba01794,8,voice,38,54,248,287
f98f0b882797728b,1,voice,18,18,118,92
f98f0b882797728b,2,voice,36,56,192,285
f98f0b882797728b,3,voice,35,49,200,285
f98f0b882797728b,4,voice,36,22,239,113
f98f0b882797728b,5,voice,53,55,317,296
f98f0b882797728b,6,voice,46,66,247,369
f98f0b882797728b,7,voice,47,35,281,195
f98f0b882797728b,8,voice,40,43,226,231
ef09b0942ba51b5e,1,voice,18,9,118,52
ef09b0942ba51b5e,2,voice,31,64,172,332
ef09b0942ba51b5e,3,text,32,44,186,217
ef09b0942ba51b5e,4,voice,46,53,266,271
ef09b0942ba51b5e,5,voice,47,63,262,314
ef09b0942ba51b5e,6,voice,49,86,263,447
ef09b0942ba51b5e,7,voice,47,74,284,382
ef09b0942ba51b5e,8,voice,53,90,303,467
cde5af9c10e5d7af,1,voice,18,10,118,54
cde5af9c10e5d7af,2,voice,29,35,150,177
cde5af9c10e5d7af,3,voice,36,30,209,143
cde5af9c10e5d7af,4,voice,39,30,241,158
cde5af9c10e5d7af,5,voice,37,25,214,123
cde5af9c10e5d7af,6,voice,34,52,182,291
cde5af9c10e5d7af,7,voice,48,38,292,206
cde5af9c10e5d7af,8,voice,40,5,243,26
7142ee58205c21de,1,voice,18,32,118,170
7142ee58205c21de,2,voice,46,54,255,273
7142ee58205c21de,3,text,41,20,240,100
7142ee58205c21de,4,text,43,23,255,124
7142ee58205c21de,5,text,38,41,226,203
7142ee58205c21de,6,text,43,27,267,144
7142ee58205c21de,7,text,35,44,213,232
7142ee58205c21de,8,text,43,17,248,91
