participant_id,topic_id,degree_unweighted,degree_weighted,present_wave2
01d6c865ad629e1f,-1,2,3,0
01d6c865ad629e1f,0,3,4,1
01d6c865ad629e1f,1,1,2,1
01d6c865ad629e1f,3,1,1,1
0266776e84599980,-1,1,1,1
0266776e84599980,0,4,5,1
0266776e84599980,3,1,1,0
0266776e84599980,5,0,0,1
0266776e84599980,7,1,2,0
036858a3a8430897,-1,2,2,1
036858a3a8430897,0,2,2,1
036858a3a8430897,3,1,1,1
036858a3a8430897,5,2,2,0
036858a3a8430897,7,2,2,0
036858a3a8430897,13,2,2,0
036858a3a8430897,14,1,1,0
04311d2ad745c4c6,-1,4,5,1
04311d2ad745c4c6,0,1,1,1
04311d2ad745c4c6,2,1,1,1
04311d2ad745c4c6,5,1,1,0
04311d2ad745c4c6,6,1,1,0
04311d2ad745c4c6,14,2,3,1
05dc9cc1ea5a74bc,-1,2,4,1
05dc9cc1ea5a74bc,0,1,1,1
05dc9cc1ea5a74bc,1,2,4,1
05dc9cc1ea5a74bc,9,1,1,0
05dc9cc1ea5a74bc,13,1,2,1
06a4dd916c731ccf,4,1,4,1
06a4dd916c731ccf,10,1,4,1
086ecf273585a9a4,-1,2,2,1
086ecf273585a9a4,2,4,7,0
086ecf273585a9a4,4,5,8,0
086ecf273585a9a4,12,3,3,1
086ecf273585a9a4,14,2,2,1
0abdb72dd1d9ebaf,-1,6,7,1
0abdb72dd1d9ebaf,0,1,1,1
0abdb72dd1d9ebaf,1,1,1,1
0abdb72dd1d9ebaf,2,1,1,0
0abdb72dd1d9ebaf,5,1,1,0
0abdb72dd1d9ebaf,13,1,2,1
0d3cc90a72fbaf72,-1,1,1,1
0d3cc90a72fbaf72,0,1,1,1
0d3cc90a72fbaf72,1,2,2,1
0d3cc90a72fbaf72,2,1,1,0
0d3cc90a72fbaf72,5,3,3,1
0d3cc90a72fbaf72,7,2,2,0
0d3cc90a72fbaf72,13,1,1,1
0ec83457dd9ad9bb,-1,1,1,1
0ec83457dd9ad9bb,0,1,1,1
0ec83457dd9ad9bb,1,0,0,1
0ec83457dd9ad9bb,13,2,2,0
0ef0a9479b25eda6,0,2,2,1
0ef0a9479b25eda6,5,2,3,1
0ef0a9479b25eda6,6,4,8,1
0ef0a9479b25eda6,7,2,3,1
0ef0a9479b25eda6,8,2,2,0
0ef0a9479b25eda6,11,5,6,1
0ef0a9479b25eda6,12,2,2,0
11e5443a9c9c5d6e,0,1,1,1
11e5443a9c9c5d6e,1,2,3,1
11e5443a9c9c5d6e,2,1,1,1
11e5443a9c9c5d6e,3,1,1,1
11e5443a9c9c5d6e,4,2,3,1
11e5443a9c9c5d6e,10,4,4,1
13acdf8c5c78ff2c,-1,1,1,1
13acdf8c5c78ff2c,0,2,4,0
13acdf8c5c78ff2c,6,0,0,1
153e1235a7bc0b55,0,2,2,1
153e1235a7bc0b55,5,3,3,0
153e1235a7bc0b55,6,2,2,1
153e1235a7bc0b55,7,1,1,0
153e1235a7bc0b55,8,1,1,0
1940655aa6fd764b,0,5,6,1
1940655aa6fd764b,3,2,2,1
1940655aa6fd764b,7,4,4,0
1940655aa6fd764b,9,3,4,0
1940655aa6fd764b,11,1,1,1
1940655aa6fd764b,14,2,2,0
1c2579f87fb55244,0,2,4,1
1c2579f87fb55244,1,0,0,1
1c2579f87fb55244,9,1,1,0
1c8a868b5e0ce4ef,-1,1,1,1
1c8a868b5e0ce4ef,0,5,7,1
1c8a868b5e0ce4ef,1,3,4,1
1c8a868b5e0ce4ef,3,4,4,0
1c8a868b5e0ce4ef,5,3,4,1
1c8a868b5e0ce4ef,9,1,1,0
1c8a868b5e0ce4ef,11,2,2,0
1c8a868b5e0ce4ef,13,5,5,0
1fcd68a516b33f04,-1,3,3,1
1fcd68a516b33f04,0,1,1,1
1fcd68a516b33f04,1,2,2,1
1fcd68a516b33f04,5,1,1,1
1fcd68a516b33f04,7,0,0,0
1fcd68a516b33f04,9,1,1,0
234e7d4c1559a3d0,-1,0,0,0
234e7d4c1559a3d0,0,2,6,0
234e7d4c1559a3d0,2,1,4,1
234e7d4c1559a3d0,4,2,3,1
234e7d4c1559a3d0,10,1,1,1
242bdf6bc5bb0b94,-1,2,5,1
242bdf6bc5bb0b94,0,6,12,1
242bdf6bc5bb0b94,1,2,4,1
242bdf6bc5bb0b94,5,5,8,1
242bdf6bc5bb0b94,9,2,3,1
242bdf6bc5bb0b94,10,2,2,1
248480856d4a9c8c,0,3,3,1
248480856d4a9c8c,1,2,3,1
248480856d4a9c8c,2,1,1,1
248480856d4a9c8c,3,1,1,1
248480856d4a9c8c,7,0,0,0
248480856d4a9c8c,11,0,0,0
248480856d4a9c8c,13,2,2,0
24905a929f5aaec2,-1,2,5,1
24905a929f5aaec2,4,2,7,1
24905a929f5aaec2,6,1,1,0
24e9f4a8dba444ba,-1,5,12,1
24e9f4a8dba444ba,0,5,17,1
24e9f4a8dba444ba,1,5,8,1
24e9f4a8dba444ba,2,0,0,0
24e9f4a8dba444ba,5,3,5,0
24e9f4a8dba444ba,7,3,5,0
24ea44f928c011ba,0,3,5,1
24ea44f928c011ba,1,3,5,1
24ea44f928c011ba,5,3,3,1
24ea44f928c011ba,13,1,1,0
25c3702e02bdfd45,0,2,2,1
25c3702e02bdfd45,1,1,1,1
25c3702e02bdfd45,3,3,3,0
25c3702e02bdfd45,6,4,4,1
25c3702e02bdfd45,10,1,1,0
25c3702e02bdfd45,13,3,3,1
25c3702e02bdfd45,14,0,0,0
25d9c5f16c668c52,-1,1,3,1
25d9c5f16c668c52,0,4,6,1
25d9c5f16c668c52,1,2,2,1
25d9c5f16c668c52,9,1,1,1
298335236c158975,-1,3,5,1
298335236c158975,0,2,5,1
298335236c158975,1,2,2,1
298335236c158975,3,2,2,0
298335236c158975,9,2,2,0
2a27143cb3ff288a,-1,2,5,0
2a27143cb3ff288a,0,2,3,1
2a27143cb3ff288a,2,3,7,1
2b66cc6ef7bd17ea,-1,3,6,0
2b66cc6ef7bd17ea,0,3,6,1
2b66cc6ef7bd17ea,3,3,5,1
2b66cc6ef7bd17ea,6,2,2,0
2b66cc6ef7bd17ea,14,0,0,0
2bfe07abba85396f,-1,2,4,1
2bfe07abba85396f,0,2,5,1
2bfe07abba85396f,1,3,4,1
2bfe07abba85396f,14,1,1,0
2c779c0028c91422,0,5,11,1
2c779c0028c91422,1,1,1,1
2c779c0028c91422,3,1,3,1
2c779c0028c91422,9,1,2,0
2c779c0028c91422,13,1,2,1
2e7d088561cde19d,-1,3,5,0
2e7d088561cde19d,0,4,6,1
2e7d088561cde19d,2,4,8,1
2e7d088561cde19d,4,4,5,0
30f98abadffddf8e,0,1,1,1
30f98abadffddf8e,1,3,3,1
30f98abadffddf8e,2,1,1,0
30f98abadffddf8e,3,1,1,1
30f98abadffddf8e,5,2,2,0
30f98abadffddf8e,9,1,1,1
3307a1b25ba01794,-1,2,2,1
3307a1b25ba01794,0,3,8,1
3307a1b25ba01794,1,1,1,1
3307a1b25ba01794,6,2,5,1
333a4e955656276f,-1,0,0,0
333a4e955656276f,0,3,5,1
333a4e955656276f,1,0,0,1
333a4e955656276f,4,2,3,1
333a4e955656276f,10,3,4,1
333a4e955656276f,12,2,2,1
337e9146d26fc3eb,0,3,3,1
337e9146d26fc3eb,1,2,2,1
337e9146d26fc3eb,3,1,1,0
337e9146d26fc3eb,5,0,0,0
337e9146d26fc3eb,10,3,3,1
338e11072f0a9a3c,0,3,4,1
338e11072f0a9a3c,2,3,3,0
338e11072f0a9a3c,3,2,2,1
338e11072f0a9a3c,4,1,1,1
338e11072f0a9a3c,6,2,2,1
36d1ca03b3d61873,-1,1,1,1
36d1ca03b3d61873,0,3,5,1
36d1ca03b3d61873,3,0,0,1
36d1ca03b3d61873,14,1,1,1
3715bc392d7a07ee,-1,5,7,1
3715bc392d7a07ee,0,4,7,1
3715bc392d7a07ee,1,2,2,1
3715bc392d7a07ee,2,2,3,0
3715bc392d7a07ee,13,2,2,0
37899912f4a5a971,-1,2,2,1
37899912f4a5a971,0,1,1,1
37899912f4a5a971,4,4,4,1
37899912f4a5a971,6,1,1,0
37899912f4a5a971,10,2,3,0
3828779ad7644dd3,0,2,5,1
3828779ad7644dd3,1,0,0,1
3828779ad7644dd3,8,3,4,1
3828779ad7644dd3,11,1,1,0
3a4931c85b6bb77d,-1,1,2,1
3a4931c85b6bb77d,0,1,1,1
3a4931c85b6bb77d,1,1,2,1
3a4931c85b6bb77d,4,6,10,1
3a4931c85b6bb77d,6,2,3,0
3a4931c85b6bb77d,10,2,3,1
3adb7e8ae191bee6,-1,0,0,1
3adb7e8ae191bee6,0,4,4,1
3adb7e8ae191bee6,1,1,1,0
3adb7e8ae191bee6,2,1,1,1
3adb7e8ae191bee6,10,3,3,1
3adb7e8ae191bee6,11,1,1,0
3d1ddc23b606b8c8,-1,3,5,1
3d1ddc23b606b8c8,1,4,12,1
3d1ddc23b606b8c8,5,3,5,1
3d1ddc23b606b8c8,8,4,10,1
3e8a40a8a3361337,-1,2,3,1
3e8a40a8a3361337,7,3,4,1
3e8a40a8a3361337,8,2,2,1
405ae83ad699f77e,0,1,1,1
405ae83ad699f77e,1,2,2,1
405ae83ad699f77e,3,3,3,0
405ae83ad699f77e,5,1,1,0
405ae83ad699f77e,9,1,1,1
41c5996495e366da,-1,1,1,1
41c5996495e366da,3,1,2,1
41c5996495e366da,5,3,4,1
41c5996495e366da,6,1,1,0
41c5996495e366da,7,1,1,1
41c5996495e366da,8,3,5,1
41c5996495e366da,12,1,1,1
41f4d247212a91b7,-1,0,0,0
41f4d247212a91b7,0,4,8,1
41f4d247212a91b7,2,2,3,0
41f4d247212a91b7,3,2,2,0
41f4d247212a91b7,5,4,8,0
41f4d247212a91b7,11,2,2,1
436f8fdfd9f19736,-1,3,3,1
436f8fdfd9f19736,0,3,5,1
436f8fdfd9f19736,1,1,1,1
436f8fdfd9f19736,3,1,1,0
436f8fdfd9f19736,6,1,1,0
44bb0706ca255d7e,-1,1,1,0
44bb0706ca255d7e,0,4,4,0
44bb0706ca255d7e,1,3,3,0
44bb0706ca255d7e,2,3,3,1
44bb0706ca255d7e,4,2,2,1
44bb0706ca255d7e,8,1,1,0
44bb0706ca255d7e,13,3,3,0
4911e6bef9ac963c,0,3,4,1
4911e6bef9ac963c,1,3,3,1
4911e6bef9ac963c,6,2,3,1
4c0618a1f49cf2e9,0,1,1,1
4c0618a1f49cf2e9,1,2,2,1
4c0618a1f49cf2e9,2,2,2,1
4c0618a1f49cf2e9,6,3,3,1
4c0618a1f49cf2e9,8,1,1,1
4c0618a1f49cf2e9,10,1,1,1
4c0618a1f49cf2e9,11,2,3,1
4c0618a1f49cf2e9,12,1,2,0
4dc0b760b47b9e68,-1,3,6,0
4dc0b760b47b9e68,0,4,16,1
4dc0b760b47b9e68,3,4,10,1
4dc0b760b47b9e68,9,3,7,0
5152ad6df864fdab,0,4,6,1
5152ad6df864fdab,1,2,2,0
5152ad6df864fdab,3,4,6,1
5152ad6df864fdab,5,2,2,1
5152ad6df864fdab,6,2,2,1
520db7eff8e356ca,-1,3,4,0
520db7eff8e356ca,0,2,2,1
520db7eff8e356ca,3,2,2,1
520db7eff8e356ca,5,4,5,1
520db7eff8e356ca,7,0,0,0
520db7eff8e356ca,13,1,1,0
53cf43f573cc8f32,-1,2,2,0
53cf43f573cc8f32,0,4,6,1
53cf43f573cc8f32,1,2,3,1
53cf43f573cc8f32,3,1,1,1
53cf43f573cc8f32,13,3,4,1
54b98e8a7620dd67,-1,3,5,1
54b98e8a7620dd67,1,1,1,0
54b98e8a7620dd67,2,4,6,1
54b98e8a7620dd67,4,1,2,1
54b98e8a7620dd67,6,2,2,1
54cc4241bdbfff9e,0,3,4,1
54cc4241bdbfff9e,4,2,3,1
54cc4241bdbfff9e,5,4,4,0
54cc4241bdbfff9e,6,4,6,0
54cc4241bdbfff9e,12,2,2,1
56bf7903d2e713c7,0,1,2,0
56bf7903d2e713c7,1,0,0,1
56bf7903d2e713c7,4,1,1,0
56bf7903d2e713c7,6,1,1,0
56bf7903d2e713c7,7,1,1,1
56bf7903d2e713c7,8,3,7,1
56bf7903d2e713c7,11,3,6,0
57e921dbf3976ff9,0,3,4,1
57e921dbf3976ff9,1,1,1,1
57e921dbf3976ff9,3,1,1,1
5a6edee02aac678f,0,1,2,1
5a6edee02aac678f,1,1,1,1
5a6edee02aac678f,2,2,3,0
5a6edee02aac678f,3,2,3,1
5a6edee02aac678f,5,3,3,1
5a6edee02aac678f,9,4,5,0
5abe20da31c1510b,-1,2,3,0
5abe20da31c1510b,0,1,1,1
5abe20da31c1510b,1,2,2,1
5abe20da31c1510b,3,1,1,1
5abe20da31c1510b,5,1,1,1
5abe20da31c1510b,6,0,0,0
5abe20da31c1510b,10,3,4,0
5ae9064e5cbccf07,-1,1,3,0
5ae9064e5cbccf07,0,2,3,0
5ae9064e5cbccf07,1,2,6,0
5ae9064e5cbccf07,2,1,1,1
5ae9064e5cbccf07,3,3,5,1
5ae9064e5cbccf07,11,2,3,1
5c9113c3b7df8e3e,-1,1,1,1
5c9113c3b7df8e3e,0,0,0,1
5c9113c3b7df8e3e,1,2,2,0
5c9113c3b7df8e3e,6,1,1,0
5c9113c3b7df8e3e,10,2,2,1
5c9113c3b7df8e3e,11,0,0,0
5c9113c3b7df8e3e,13,2,2,0
5cac8fe98f0a075d,0,1,3,1
5cac8fe98f0a075d,1,2,3,1
5cac8fe98f0a075d,3,1,2,1
5cac8fe98f0a075d,7,2,2,1
5cac8fe98f0a075d,8,1,1,1
5cac8fe98f0a075d,12,4,6,1
5d5930b9486b3aef,-1,1,2,0
5d5930b9486b3aef,0,2,3,1
5d5930b9486b3aef,2,3,6,1
5d841d10765ae730,0,4,9,1
5d841d10765ae730,10,3,4,1
5d841d10765ae730,11,3,3,0
5d841d10765ae730,12,3,5,1
5dac8afcada7c2a4,-1,3,6,1
5dac8afcada7c2a4,1,3,4,1
5dac8afcada7c2a4,2,1,1,1
5dac8afcada7c2a4,8,4,5,1
5dac8afcada7c2a4,11,2,3,1
5e00cb1279c86d31,-1,2,2,0
5e00cb1279c86d31,0,4,8,1
5e00cb1279c86d31,1,3,3,1
5e00cb1279c86d31,7,1,1,1
5e00cb1279c86d31,8,2,2,1
5e00cb1279c86d31,13,3,5,0
5ed80b15ba44099f,0,1,4,1
5ed80b15ba44099f,1,0,0,1
5ed80b15ba44099f,3,1,1,1
5ed80b15ba44099f,11,0,0,0
5ed80b15ba44099f,13,2,5,0
5f03a63347991312,-1,1,1,0
5f03a63347991312,1,2,2,1
5f03a63347991312,2,1,2,0
5f03a63347991312,4,2,5,1
5f03a63347991312,10,4,8,1
5fee709bfe55faf2,0,5,8,1
5fee709bfe55faf2,1,5,7,1
5fee709bfe55faf2,8,4,4,0
5fee709bfe55faf2,11,4,8,1
5fee709bfe55faf2,13,4,5,0
61766c21a780a6d9,-1,0,0,0
61766c21a780a6d9,0,1,2,1
61766c21a780a6d9,2,0,0,1
61766c21a780a6d9,13,1,2,0
62db37d23852862b,-1,3,6,1
62db37d23852862b,0,3,3,1
62db37d23852862b,3,3,5,1
62db37d23852862b,6,5,9,0
62db37d23852862b,9,3,4,1
649f1789cf99857f,-1,3,6,1
649f1789cf99857f,0,6,13,1
649f1789cf99857f,1,4,6,0
649f1789cf99857f,3,1,3,0
649f1789cf99857f,7,3,4,0
649f1789cf99857f,11,4,5,1
673d057ee91b91d4,0,3,6,1
673d057ee91b91d4,1,3,3,1
673d057ee91b91d4,6,2,3,1
68eaac889f651fe0,-1,3,4,1
68eaac889f651fe0,0,3,6,1
68eaac889f651fe0,5,3,5,1
68eaac889f651fe0,13,2,2,1
6c13354781f251c4,-1,1,3,1
6c13354781f251c4,5,1,1,1
6c13354781f251c4,7,1,1,0
6c13354781f251c4,8,1,1,0
6c13354781f251c4,12,1,1,0
6c13354781f251c4,13,5,7,0
6d94ac5f05b3776e,0,5,7,1
6d94ac5f05b3776e,1,0,0,1
6d94ac5f05b3776e,3,2,3,0
6d94ac5f05b3776e,4,2,3,1
6d94ac5f05b3776e,9,3,3,0
6d94ac5f05b3776e,11,1,1,1
6db699e0a33315d4,-1,1,2,1
6db699e0a33315d4,0,4,8,1
6db699e0a33315d4,1,1,2,1
6db699e0a33315d4,5,1,2,0
6e8cf4836e13dd9d,-1,1,1,1
6e8cf4836e13dd9d,0,4,13,1
6e8cf4836e13dd9d,3,3,7,1
6e8cf4836e13dd9d,10,1,2,0
6e8cf4836e13dd9d,12,1,2,0
7142ee58205c21de,-1,1,1,0
7142ee58205c21de,0,3,4,0
7142ee58205c21de,1,1,1,1
7142ee58205c21de,5,2,2,1
7142ee58205c21de,6,1,1,1
7142ee58205c21de,7,5,6,0
7142ee58205c21de,13,2,2,0
7142ee58205c21de,14,2,2,1
72148bfd1d0973af,-1,1,2,1
72148bfd1d0973af,0,2,4,1
72148bfd1d0973af,1,0,0,0
72148bfd1d0973af,3,2,4,1
72148bfd1d0973af,6,1,2,0
72148bfd1d0973af,13,1,2,1
721f6be7c6c2c5e8,-1,3,4,1
721f6be7c6c2c5e8,0,5,9,1
721f6be7c6c2c5e8,1,2,3,1
721f6be7c6c2c5e8,3,2,3,0
721f6be7c6c2c5e8,5,3,4,1
740b157201268df1,0,2,4,1
740b157201268df1,1,2,2,0
740b157201268df1,2,2,4,1
740b157201268df1,4,4,6,1
740b157201268df1,8,6,15,1
740b157201268df1,9,5,7,1
740b157201268df1,10,2,2,1
74ee6a013b1d50b3,0,3,4,1
74ee6a013b1d50b3,1,1,1,1
74ee6a013b1d50b3,2,2,2,1
74ee6a013b1d50b3,9,4,4,0
74ee6a013b1d50b3,12,2,3,0
74ee6a013b1d50b3,13,2,2,0
761f1ce0efbbce9e,-1,2,2,1
761f1ce0efbbce9e,2,2,3,1
761f1ce0efbbce9e,3,3,4,1
761f1ce0efbbce9e,4,2,2,1
761f1ce0efbbce9e,7,1,1,1
76b6976d3c95342a,-1,3,4,0
76b6976d3c95342a,0,2,3,1
76b6976d3c95342a,1,2,3,1
76b6976d3c95342a,5,1,2,1
76b6976d3c95342a,8,2,4,1
7819704fed235622,2,3,4,1
7819704fed235622,3,1,1,0
7819704fed235622,4,1,1,1
7819704fed235622,7,3,5,1
7819704fed235622,8,3,3,0
7819704fed235622,10,4,7,1
78497a8102898b56,-1,3,7,1
78497a8102898b56,0,5,12,1
78497a8102898b56,1,1,1,1
78497a8102898b56,5,2,5,0
78497a8102898b56,9,2,3,0
7965eb39cc1b7b97,-1,4,4,1
7965eb39cc1b7b97,0,1,2,1
7965eb39cc1b7b97,1,2,2,1
7965eb39cc1b7b97,3,2,2,1
7965eb39cc1b7b97,6,2,2,0
7965eb39cc1b7b97,10,3,4,1
7965eb39cc1b7b97,11,2,2,0
79908652a256d33e,0,1,1,1
79908652a256d33e,1,1,1,1
79908652a256d33e,2,2,4,0
79908652a256d33e,4,2,4,1
7a28a7b7738bc656,0,3,3,1
7a28a7b7738bc656,1,2,3,0
7a28a7b7738bc656,5,2,2,1
7a28a7b7738bc656,13,3,3,0
7aa3b079e2dda8a1,-1,1,1,0
7aa3b079e2dda8a1,0,3,3,1
7aa3b079e2dda8a1,1,0,0,1
7aa3b079e2dda8a1,3,0,0,1
7aa3b079e2dda8a1,5,2,2,0
7aa3b079e2dda8a1,9,2,2,1
7c0d0af95f8b1f08,-1,3,3,1
7c0d0af95f8b1f08,0,2,6,1
7c0d0af95f8b1f08,1,3,3,1
7c0d0af95f8b1f08,2,5,7,1
7c0d0af95f8b1f08,3,0,0,1
7c0d0af95f8b1f08,4,0,0,0
7c0d0af95f8b1f08,5,4,6,1
7cf1b08e24b10350,-1,1,1,1
7cf1b08e24b10350,0,2,3,1
7cf1b08e24b10350,2,2,3,1
7cf1b08e24b10350,11,2,2,0
7cf1b08e24b10350,13,3,4,1
7d752fefddfca23e,-1,1,1,1
7d752fefddfca23e,0,0,0,1
7d752fefddfca23e,1,2,2,1
7d752fefddfca23e,2,0,0,0
7eefc6f2e7826814,0,2,4,1
7eefc6f2e7826814,3,2,4,1
82db7bf9aab23ea9,-1,4,10,0
82db7bf9aab23ea9,0,1,3,1
82db7bf9aab23ea9,1,2,4,1
82db7bf9aab23ea9,3,0,0,0
82db7bf9aab23ea9,8,1,2,1
82db7bf9aab23ea9,12,1,2,0
8371a2887ae72076,0,4,7,0
8371a2887ae72076,1,0,0,1
8371a2887ae72076,2,1,1,1
8371a2887ae72076,6,1,2,0
8371a2887ae72076,9,1,3,1
847c51b8edf36462,0,1,4,0
847c51b8edf36462,1,4,10,1
847c51b8edf36462,3,1,2,1
847c51b8edf36462,5,1,2,1
847c51b8edf36462,13,1,2,1
84ca074474b9b6ad,-1,0,0,0
84ca074474b9b6ad,0,0,0,1
84ca074474b9b6ad,2,3,3,0
84ca074474b9b6ad,3,2,2,1
84ca074474b9b6ad,4,1,1,1
84ca074474b9b6ad,5,1,1,1
84ca074474b9b6ad,13,1,1,1
84ca074474b9b6ad,14,0,0,0
87e1dbf2ddd33fb1,-1,1,1,1
87e1dbf2ddd33fb1,0,2,2,1
87e1dbf2ddd33fb1,4,0,0,1
87e1dbf2ddd33fb1,5,3,3,0
87e1dbf2ddd33fb1,8,1,1,0
87e1dbf2ddd33fb1,11,2,2,1
87e1dbf2ddd33fb1,13,3,3,0
8a09978d91039693,0,2,2,1
8a09978d91039693,7,3,4,1
8a09978d91039693,8,2,3,1
8b73e21092f24bd1,-1,2,2,0
8b73e21092f24bd1,0,5,5,1
8b73e21092f24bd1,2,2,2,0
8b73e21092f24bd1,5,2,2,1
8b73e21092f24bd1,9,2,2,1
8b73e21092f24bd1,10,2,2,1
8bcf4a8ef4be7cba,0,3,3,1
8bcf4a8ef4be7cba,1,0,0,0
8bcf4a8ef4be7cba,2,2,2,0
8bcf4a8ef4be7cba,5,0,0,0
8bcf4a8ef4be7cba,14,3,3,0
8c30dfbb7ee2fbe8,-1,5,8,1
8c30dfbb7ee2fbe8,0,6,10,1
8c30dfbb7ee2fbe8,1,5,6,1
8c30dfbb7ee2fbe8,2,4,5,1
8c30dfbb7ee2fbe8,11,4,5,1
8c30dfbb7ee2fbe8,13,5,5,0
8de500ff0f84f538,-1,3,5,1
8de500ff0f84f538,0,1,1,1
8de500ff0f84f538,5,4,6,1
8de500ff0f84f538,7,3,3,0
8de500ff0f84f538,8,3,3,1
8de500ff0f84f538,10,1,1,1
8de500ff0f84f538,12,2,2,1
8de500ff0f84f538,14,3,3,0
8f96fa223f234180,-1,2,3,0
8f96fa223f234180,0,1,2,1
8f96fa223f234180,2,2,3,1
8f96fa223f234180,4,2,6,1
8f96fa223f234180,10,3,6,1
901b1e68b9a21d2e,-1,4,7,1
901b1e68b9a21d2e,0,6,12,1
901b1e68b9a21d2e,1,4,5,1
901b1e68b9a21d2e,5,2,3,1
901b1e68b9a21d2e,9,4,5,1
901b1e68b9a21d2e,14,5,5,0
90a26c5862848d7f,-1,1,1,0
90a26c5862848d7f,0,7,9,1
90a26c5862848d7f,1,1,1,1
90a26c5862848d7f,3,2,2,1
90a26c5862848d7f,5,2,3,0
90a26c5862848d7f,8,1,1,1
90a26c5862848d7f,12,1,1,1
92dabeb709641989,-1,4,6,0
92dabeb709641989,0,5,10,1
92dabeb709641989,1,3,6,1
92dabeb709641989,3,1,2,1
92dabeb709641989,9,2,2,0
92dabeb709641989,12,3,6,0
9306e20a3c8202a6,0,2,2,0
9306e20a3c8202a6,5,4,5,0
9306e20a3c8202a6,7,6,9,1
9306e20a3c8202a6,8,3,3,1
9306e20a3c8202a6,10,5,6,1
9306e20a3c8202a6,12,3,3,1
95ad60153e77940d,-1,2,4,1
95ad60153e77940d,0,5,7,1
95ad60153e77940d,5,3,3,0
95ad60153e77940d,9,3,3,1
95ad60153e77940d,14,2,2,0
971e17af6c60aec7,0,4,9,1
971e17af6c60aec7,1,4,5,1
971e17af6c60aec7,2,0,0,0
971e17af6c60aec7,4,4,8,0
971e17af6c60aec7,10,4,5,1
971e17af6c60aec7,12,4,5,1
97773a8839d3f6fe,-1,2,3,0
97773a8839d3f6fe,0,3,17,1
97773a8839d3f6fe,2,4,18,1
97773a8839d3f6fe,8,3,5,1
97773a8839d3f6fe,11,4,7,1
97f6aaf7d17e1706,0,3,9,1
97f6aaf7d17e1706,1,3,6,1
97f6aaf7d17e1706,5,3,7,0
97f6aaf7d17e1706,13,4,9,1
98326b74d660f5fd,-1,2,3,1
98326b74d660f5fd,1,2,2,0
98326b74d660f5fd,8,3,4,1
98326b74d660f5fd,11,0,0,1
99229f1b414f5809,-1,2,2,1
99229f1b414f5809,0,3,3,1
99229f1b414f5809,1,4,5,1
99229f1b414f5809,3,3,3,0
99229f1b414f5809,6,3,3,0
99229f1b414f5809,11,2,2,1
99229f1b414f5809,13,3,4,0
9c82fc4c36156f08,0,3,4,1
9c82fc4c36156f08,1,3,5,0
9c82fc4c36156f08,2,0,0,0
9c82fc4c36156f08,9,1,1,1
9c82fc4c36156f08,11,2,3,1
9cb164abacf3625b,0,3,4,1
9cb164abacf3625b,1,4,5,1
9cb164abacf3625b,3,2,2,0
9cb164abacf3625b,5,5,7,1
9cb164abacf3625b,7,2,2,1
9cb164abacf3625b,9,2,2,0
9cb164abacf3625b,12,4,4,0
9cfb62646c810049,0,3,3,1
9cfb62646c810049,1,1,1,0
9cfb62646c810049,3,2,2,0
9cfb62646c810049,6,4,4,0
9cfb62646c810049,14,2,2,1
9d41a316406ab604,0,1,1,1
9d41a316406ab604,2,1,1,0
9d41a316406ab604,3,4,4,0
9d41a316406ab604,5,0,0,1
9d41a316406ab604,9,1,1,0
9d41a316406ab604,10,2,2,0
9d41a316406ab604,12,2,2,0
9dbce82bce25d24e,0,2,3,1
9dbce82bce25d24e,2,1,1,1
9dbce82bce25d24e,3,1,1,0
9dbce82bce25d24e,4,4,5,1
9dbce82bce25d24e,7,1,1,0
9dbce82bce25d24e,9,2,3,0
9faec1665116d796,0,3,6,1
9faec1665116d796,3,1,2,1
9faec1665116d796,5,1,1,1
9faec1665116d796,7,2,4,1
9fc1c0064ceb93cd,0,2,3,1
9fc1c0064ceb93cd,1,3,5,1
9fc1c0064ceb93cd,2,3,5,0
9fc1c0064ceb93cd,3,2,3,0
9fc1c0064ceb93cd,4,2,2,0
9fc1c0064ceb93cd,5,5,5,1
9fc1c0064ceb93cd,6,1,1,0
a134d663306eaf79,-1,6,10,1
a134d663306eaf79,3,2,2,1
a134d663306eaf79,5,6,10,0
a134d663306eaf79,6,2,2,1
a134d663306eaf79,8,3,4,1
a134d663306eaf79,12,3,4,0
a22e24bd1aef3c96,-1,3,5,1
a22e24bd1aef3c96,1,1,1,0
a22e24bd1aef3c96,2,3,6,1
a22e24bd1aef3c96,3,1,1,1
a22e24bd1aef3c96,9,3,3,1
a22e24bd1aef3c96,13,6,8,0
a22e24bd1aef3c96,14,3,4,0
a3557ae863ad9e1d,-1,5,11,1
a3557ae863ad9e1d,0,1,4,1
a3557ae863ad9e1d,2,2,3,1
a3557ae863ad9e1d,11,2,3,1
a3557ae863ad9e1d,13,3,4,0
a46c865723cc0c1e,0,1,1,1
a46c865723cc0c1e,1,1,1,1
a46c865723cc0c1e,3,2,2,1
a46c865723cc0c1e,4,3,3,0
a46c865723cc0c1e,5,4,4,0
a46c865723cc0c1e,6,0,0,0
a499c9666324fe8a,-1,2,3,0
a499c9666324fe8a,0,2,2,1
a499c9666324fe8a,1,1,2,1
a499c9666324fe8a,2,1,1,0
a499c9666324fe8a,4,3,3,1
a499c9666324fe8a,12,0,0,0
a7ac88105b8c14d3,0,3,10,1
a7ac88105b8c14d3,2,2,4,0
a7ac88105b8c14d3,3,3,4,1
a7f9aa7ea5df8acf,0,2,3,0
a7f9aa7ea5df8acf,7,4,6,1
a7f9aa7ea5df8acf,8,3,5,1
a7f9aa7ea5df8acf,11,2,3,0
a7f9aa7ea5df8acf,12,1,1,1
a92d69730b8c4ae0,-1,3,4,1
a92d69730b8c4ae0,0,2,2,1
a92d69730b8c4ae0,1,1,1,1
a92d69730b8c4ae0,11,2,3,0
a92d69730b8c4ae0,13,0,0,0
aa0f860caa6662ef,1,1,1,1
aa0f860caa6662ef,3,3,7,1
aa0f860caa6662ef,5,3,4,1
aa0f860caa6662ef,9,2,2,0
aa0f860caa6662ef,11,2,5,1
ab0d4cea5548f80a,0,3,3,1
ab0d4cea5548f80a,1,1,1,1
ab0d4cea5548f80a,12,1,1,0
ab0d4cea5548f80a,13,1,1,1
abe8e3027db90040,1,2,3,1
abe8e3027db90040,4,2,2,0
abe8e3027db90040,6,1,4,1
abe8e3027db90040,7,4,9,1
abe8e3027db90040,14,1,2,0
ac2d736537b2aa39,-1,2,3,0
ac2d736537b2aa39,0,4,5,1
ac2d736537b2aa39,1,2,2,1
ac2d736537b2aa39,2,1,1,0
ac2d736537b2aa39,3,6,7,1
ac2d736537b2aa39,8,3,4,1
ac2d736537b2aa39,9,2,4,1
ad62d2edd2e18b97,-1,2,2,0
ad62d2edd2e18b97,0,4,7,1
ad62d2edd2e18b97,1,2,2,1
ad62d2edd2e18b97,2,1,1,0
ad62d2edd2e18b97,9,5,7,1
ad62d2edd2e18b97,11,1,2,0
ad62d2edd2e18b97,12,3,5,1
ad62d2edd2e18b97,13,1,1,1
addff8dc6e11e669,-1,3,4,1
addff8dc6e11e669,0,1,1,0
addff8dc6e11e669,1,1,1,0
addff8dc6e11e669,2,1,1,1
addff8dc6e11e669,4,2,5,1
addff8dc6e11e669,8,1,1,1
b06ebcb759ca3ce4,-1,1,2,1
b06ebcb759ca3ce4,0,2,3,1
b06ebcb759ca3ce4,1,0,0,0
b2db432aa5f7dbbc,1,1,1,0
b2db432aa5f7dbbc,2,1,1,1
b2db432aa5f7dbbc,4,1,2,1
b2db432aa5f7dbbc,8,2,2,1
b2db432aa5f7dbbc,10,1,1,1
b2db432aa5f7dbbc,12,1,1,1
b2db432aa5f7dbbc,14,3,4,1
b382256ca5a24f97,0,2,4,0
b382256ca5a24f97,1,0,0,0
b382256ca5a24f97,3,0,0,1
b382256ca5a24f97,5,2,3,0
b382256ca5a24f97,9,1,1,0
b3f7e055bf4647c4,-1,0,0,1
b3f7e055bf4647c4,0,4,8,1
b3f7e055bf4647c4,1,1,2,1
b3f7e055bf4647c4,3,1,2,0
b3f7e055bf4647c4,9,1,2,0
b88f86ad894a422f,-1,1,1,1
b88f86ad894a422f,0,3,3,0
b88f86ad894a422f,2,1,1,1
b88f86ad894a422f,3,2,2,1
b88f86ad894a422f,4,1,1,1
b88f86ad894a422f,6,1,1,1
b8a1d8c350a12933,-1,2,2,1
b8a1d8c350a12933,0,3,3,0
b8a1d8c350a12933,1,2,2,1
b8a1d8c350a12933,8,1,1,1
b8a1d8c350a12933,9,2,2,1
b8eba67020022d75,-1,3,3,0
b8eba67020022d75,0,4,4,1
b8eba67020022d75,3,2,2,0
b8eba67020022d75,4,3,3,0
b8eba67020022d75,7,0,0,1
b8eba67020022d75,9,3,4,0
b8eba67020022d75,10,4,6,1
b96bd44f593949b7,0,2,4,1
b96bd44f593949b7,5,0,0,1
b96bd44f593949b7,6,4,5,0
b96bd44f593949b7,7,1,1,0
b96bd44f593949b7,9,1,1,1
ba0ae2459e448093,-1,1,1,1
ba0ae2459e448093,0,3,4,1
ba0ae2459e448093,2,2,2,1
ba0ae2459e448093,6,3,3,1
ba0ae2459e448093,10,3,4,1
ba0ae2459e448093,11,3,5,1
bb10b3e293fa7488,-1,3,4,1
bb10b3e293fa7488,0,3,6,1
bb10b3e293fa7488,1,2,6,0
bb10b3e293fa7488,2,2,2,1
bb10b3e293fa7488,8,4,4,1
bb10b3e293fa7488,11,2,3,0
bb43950de402cf68,-1,3,4,0
bb43950de402cf68,0,5,7,1
bb43950de402cf68,2,5,6,1
bb43950de402cf68,3,3,4,0
bb43950de402cf68,7,3,4,0
bb43950de402cf68,9,5,7,1
bba08ffaa6b4972e,0,1,5,1
bba08ffaa6b4972e,2,1,2,1
bba08ffaa6b4972e,4,2,6,1
bba08ffaa6b4972e,10,2,3,1
bcaf50d01f330313,0,1,2,1
bcaf50d01f330313,1,1,2,1
bcaf50d01f330313,7,1,1,1
bd14752573c3fbed,-1,1,1,0
bd14752573c3fbed,0,3,4,1
bd14752573c3fbed,1,2,2,1
bd14752573c3fbed,6,0,0,1
bd14752573c3fbed,9,2,2,1
bdb2c3e399606ce4,0,1,2,1
bdb2c3e399606ce4,1,1,1,0
bdb2c3e399606ce4,2,1,1,0
bdb2c3e399606ce4,3,1,2,0
bdb2c3e399606ce4,4,7,10,1
bdb2c3e399606ce4,7,1,1,0
bdb2c3e399606ce4,13,1,2,0
c038519ac4670f62,-1,4,4,1
c038519ac4670f62,0,4,4,1
c038519ac4670f62,5,4,4,0
c038519ac4670f62,6,6,8,0
c038519ac4670f62,7,5,7,1
c038519ac4670f62,9,4,4,1
c038519ac4670f62,14,1,1,1
c0ac91fae56c6ec3,-1,1,2,0
c0ac91fae56c6ec3,0,1,2,0
c0ac91fae56c6ec3,1,1,4,0
c0ac91fae56c6ec3,2,2,4,1
c0ac91fae56c6ec3,5,1,2,1
c0ac91fae56c6ec3,9,1,4,0
c314920d84ff0215,0,3,6,1
c314920d84ff0215,1,4,11,1
c314920d84ff0215,5,3,6,1
c314920d84ff0215,9,3,5,1
c32a7e5368c4de97,-1,2,2,0
c32a7e5368c4de97,1,1,1,1
c32a7e5368c4de97,2,4,7,1
c32a7e5368c4de97,10,3,4,0
c32a7e5368c4de97,13,1,2,0
c425ac83f24beef2,2,1,1,1
c425ac83f24beef2,4,3,7,1
c425ac83f24beef2,14,1,1,1
c64e457f6d99d425,-1,2,3,1
c64e457f6d99d425,0,1,1,1
c64e457f6d99d425,4,1,2,0
c7383a60cb3d5477,-1,2,2,0
c7383a60cb3d5477,0,3,3,1
c7383a60cb3d5477,1,1,1,1
c7383a60cb3d5477,5,1,1,0
c7383a60cb3d5477,11,1,1,0
c7383a60cb3d5477,13,2,2,0
c842caeb15405a78,-1,1,1,1
c842caeb15405a78,0,3,7,1
c842caeb15405a78,1,0,0,0
c842caeb15405a78,8,1,4,0
ca1edc15c837e28e,-1,4,5,1
ca1edc15c837e28e,0,3,3,1
ca1edc15c837e28e,1,0,0,1
ca1edc15c837e28e,2,2,3,1
ca1edc15c837e28e,6,2,2,1
ca1edc15c837e28e,10,0,0,0
ca1edc15c837e28e,11,3,3,0
cac06cf49267cb04,-1,3,3,0
cac06cf49267cb04,0,5,8,1
cac06cf49267cb04,2,3,3,0
cac06cf49267cb04,4,5,9,1
cac06cf49267cb04,14,2,2,0
cb4fa8f65ecfa814,0,1,2,1
cb4fa8f65ecfa814,1,1,1,0
cb4fa8f65ecfa814,4,2,2,1
cb4fa8f65ecfa814,12,3,4,1
cb4fa8f65ecfa814,14,1,1,1
cb76d03be5d6b3ac,0,6,7,1
cb76d03be5d6b3ac,3,2,2,0
cb76d03be5d6b3ac,5,3,3,1
cb76d03be5d6b3ac,7,2,2,0
cb76d03be5d6b3ac,8,3,3,1
cb76d03be5d6b3ac,9,1,1,1
cb76d03be5d6b3ac,10,3,3,0
cb76d03be5d6b3ac,11,2,3,0
ccae674b4ff562be,0,1,2,1
ccae674b4ff562be,1,0,0,0
ccae674b4ff562be,3,1,1,1
ccae674b4ff562be,5,2,3,0
ccae674b4ff562be,14,0,0,0
cd254873c8c70b1f,-1,3,3,0
cd254873c8c70b1f,0,5,6,1
cd254873c8c70b1f,1,3,4,1
cd254873c8c70b1f,6,4,4,1
cd254873c8c70b1f,13,4,6,0
cdc1fd8a83edc5a9,-1,4,5,1
cdc1fd8a83edc5a9,0,2,4,1
cdc1fd8a83edc5a9,7,5,6,1
cdc1fd8a83edc5a9,9,2,2,0
cdc1fd8a83edc5a9,14,2,2,0
cde5af9c10e5d7af,-1,0,0,1
cde5af9c10e5d7af,2,3,3,1
cde5af9c10e5d7af,6,2,2,0
cde5af9c10e5d7af,7,1,1,0
cde5af9c10e5d7af,8,3,3,1
cde5af9c10e5d7af,13,3,3,0
d0948831f2fd6c9a,0,6,9,1
d0948831f2fd6c9a,1,1,2,1
d0948831f2fd6c9a,2,1,1,0
d0948831f2fd6c9a,3,1,1,1
d0948831f2fd6c9a,4,1,2,0
d0948831f2fd6c9a,6,1,1,0
d4cec8da03bc12ab,-1,2,2,1
d4cec8da03bc12ab,0,2,2,1
d4cec8da03bc12ab,1,1,1,1
d59a7be61b6d34c0,0,4,4,1
d59a7be61b6d34c0,1,3,3,1
d59a7be61b6d34c0,3,3,3,0
d59a7be61b6d34c0,5,3,3,1
d59a7be61b6d34c0,8,5,5,0
d59a7be61b6d34c0,9,4,4,1
d626dfd972cd0a7d,-1,2,4,1
d626dfd972cd0a7d,0,6,9,1
d626dfd972cd0a7d,1,2,2,1
d626dfd972cd0a7d,2,1,2,0
d626dfd972cd0a7d,9,1,1,0
d626dfd972cd0a7d,14,1,1,0
d8e85ef0973f5cae,-1,1,1,1
d8e85ef0973f5cae,0,1,1,1
d8e85ef0973f5cae,1,4,4,1
d8e85ef0973f5cae,5,1,1,1
d8e85ef0973f5cae,14,1,1,1
d91dfb759b5c056c,-1,2,2,1
d91dfb759b5c056c,0,0,0,1
d91dfb759b5c056c,1,1,1,1
d91dfb759b5c056c,2,1,1,0
d91dfb759b5c056c,5,0,0,0
d91dfb759b5c056c,9,1,1,1
d91dfb759b5c056c,14,2,2,0
dad40041f6cb7ef4,0,2,2,1
dad40041f6cb7ef4,1,2,2,0
dad40041f6cb7ef4,3,2,2,0
dad40041f6cb7ef4,9,2,2,0
dad40041f6cb7ef4,11,3,3,0
dad40041f6cb7ef4,12,1,1,0
dad40041f6cb7ef4,14,3,3,1
df0d758a5477b83c,2,2,2,1
df0d758a5477b83c,3,5,6,1
df0d758a5477b83c,5,2,2,0
df0d758a5477b83c,7,1,1,0
df0d758a5477b83c,8,2,2,0
df0d758a5477b83c,13,3,4,0
df3aa70f59b84ff1,3,3,3,0
df3aa70f59b84ff1,6,1,1,1
df3aa70f59b84ff1,7,2,2,1
df3aa70f59b84ff1,8,1,1,1
df3aa70f59b84ff1,11,2,2,1
df3aa70f59b84ff1,14,0,0,0
e04998f79adab146,0,1,1,1
e04998f79adab146,1,0,0,1
e04998f79adab146,2,2,2,0
e04998f79adab146,3,2,2,1
e04998f79adab146,11,0,0,0
e0b47f3f6a91ab2e,-1,3,3,1
e0b47f3f6a91ab2e,0,4,5,1
e0b47f3f6a91ab2e,1,2,3,1
e0b47f3f6a91ab2e,3,0,0,0
e0b47f3f6a91ab2e,4,4,5,1
e0b47f3f6a91ab2e,6,3,5,1
e0b47f3f6a91ab2e,12,2,3,1
e0b75643b94ce352,-1,1,1,1
e0b75643b94ce352,0,2,2,1
e0b75643b94ce352,1,0,0,1
e0b75643b94ce352,3,1,1,0
e0b75643b94ce352,6,2,2,0
e0b75643b94ce352,7,0,0,0
e0b75643b94ce352,14,1,1,0
e15dc1ccfc02dea4,-1,1,1,1
e15dc1ccfc02dea4,0,2,3,1
e15dc1ccfc02dea4,3,2,4,0
e15dc1ccfc02dea4,4,4,5,0
e15dc1ccfc02dea4,9,1,1,0
e16f233f154de5f7,0,3,4,1
e16f233f154de5f7,1,3,3,1
e16f233f154de5f7,2,2,2,0
e16f233f154de5f7,3,6,8,0
e16f233f154de5f7,5,2,2,1
e16f233f154de5f7,7,4,5,1
e16f233f154de5f7,8,3,3,1
e2905065a183e73e,0,1,4,1
e2905065a183e73e,1,1,1,1
e2905065a183e73e,2,1,1,0
e2905065a183e73e,6,4,7,0
e2905065a183e73e,11,1,1,0
e4829fb39326588e,-1,1,1,1
e4829fb39326588e,0,2,2,0
e4829fb39326588e,1,2,2,1
e4829fb39326588e,5,4,4,1
e4829fb39326588e,7,1,1,0
e4829fb39326588e,9,2,2,0
e510d4025a1f07f7,-1,1,1,0
e510d4025a1f07f7,0,3,4,1
e510d4025a1f07f7,1,0,0,1
e510d4025a1f07f7,3,2,4,1
e510d4025a1f07f7,6,2,2,1
e510d4025a1f07f7,7,2,2,1
e510d4025a1f07f7,9,4,5,0
ea0c4e9dce422f7c,-1,2,2,0
ea0c4e9dce422f7c,0,3,6,1
ea0c4e9dce422f7c,3,2,4,0
ea0c4e9dce422f7c,8,2,2,1
ea0c4e9dce422f7c,14,1,2,0
eaa866102ec57941,0,2,3,1
eaa866102ec57941,1,3,4,0
eaa866102ec57941,3,1,1,0
eaa866102ec57941,5,3,5,1
eaa866102ec57941,14,0,0,0
ebffac6e5df1cc08,-1,2,3,1
ebffac6e5df1cc08,0,1,2,1
ebffac6e5df1cc08,1,2,3,1
ebffac6e5df1cc08,2,2,3,1
ebffac6e5df1cc08,3,4,6,1
ebffac6e5df1cc08,4,1,1,0
ec02d5c2a65d3fd2,2,1,2,1
ec02d5c2a65d3fd2,3,1,2,1
ec02d5c2a65d3fd2,9,0,0,1
ec02d5c2a65d3fd2,11,1,2,1
ec02d5c2a65d3fd2,12,3,6,1
ed14bc3f70d6cec5,-1,2,2,1
ed14bc3f70d6cec5,0,4,7,1
ed14bc3f70d6cec5,1,2,3,1
ed14bc3f70d6cec5,3,1,1,1
ed14bc3f70d6cec5,9,1,1,0
ed14bc3f70d6cec5,12,6,8,0
edc04ff5e481112b,0,5,19,1
edc04ff5e481112b,1,3,4,0
edc04ff5e481112b,2,2,3,0
edc04ff5e481112b,6,3,7,0
edc04ff5e481112b,13,2,5,0
ef09b0942ba51b5e,-1,2,2,0
ef09b0942ba51b5e,0,5,10,1
ef09b0942ba51b5e,1,3,5,1
ef09b0942ba51b5e,7,2,3,0
ef09b0942ba51b5e,10,1,2,1
f003c96b131253d6,-1,2,2,1
f003c96b131253d6,1,1,1,1
f003c96b131253d6,4,3,3,1
f003c96b131253d6,5,2,2,1
f003c96b131253d6,6,1,1,0
f1109e14be29a5d7,-1,2,2,0
f1109e14be29a5d7,1,2,2,1
f1109e14be29a5d7,2,2,2,1
f1109e14be29a5d7,3,1,1,1
f1109e14be29a5d7,7,2,3,1
f1109e14be29a5d7,8,4,5,1
f1109e14be29a5d7,11,3,3,1
f323942068c63066,0,3,8,1
f323942068c63066,1,1,1,1
f323942068c63066,7,1,1,0
f323942068c63066,8,5,10,1
f323942068c63066,9,2,3,1
f3cca123640d3386,-1,0,0,0
f3cca123640d3386,0,2,5,1
f3cca123640d3386,1,2,5,1
f3cca123640d3386,4,1,2,1
f3cca123640d3386,5,0,0,0
f3cca123640d3386,6,3,6,1
f3cca123640d3386,10,0,0,1
f3ccb99647a78111,-1,3,4,0
f3ccb99647a78111,1,4,7,1
f3ccb99647a78111,9,4,7,0
f3ccb99647a78111,13,3,4,1
f59ad690cbd0e6c3,0,3,4,1
f59ad690cbd0e6c3,1,1,1,0
f59ad690cbd0e6c3,4,1,2,1
f59ad690cbd0e6c3,5,1,1,0
f7e046c06d20f5f6,-1,1,1,0
f7e046c06d20f5f6,0,1,2,1
f7e046c06d20f5f6,2,2,2,1
f7e046c06d20f5f6,3,3,3,1
f7e046c06d20f5f6,4,3,5,1
f7e046c06d20f5f6,7,1,1,1
f8610fec106ff80d,0,1,4,1
f8610fec106ff80d,2,1,1,1
f8610fec106ff80d,6,5,8,0
f8610fec106ff80d,9,1,1,0
f8610fec106ff80d,12,1,1,0
f8610fec106ff80d,14,1,1,0
f98f0b882797728b,0,3,5,1
f98f0b882797728b,1,1,1,0
f98f0b882797728b,2,1,1,1
f98f0b882797728b,4,2,2,1
f98f0b882797728b,10,2,2,1
f9ac4b8a3e8bbb4e,0,7,14,1
f9ac4b8a3e8bbb4e,1,4,5,1
f9ac4b8a3e8bbb4e,2,4,4,1
f9ac4b8a3e8bbb4e,3,5,7,0
f9ac4b8a3e8bbb4e,7,5,11,0
f9ac4b8a3e8bbb4e,10,6,8,1
f9ac4b8a3e8bbb4e,14,3,5,1
fabbe87caf2e1c00,0,4,9,0
fabbe87caf2e1c00,1,3,4,1
fabbe87caf2e1c00,8,3,3,1
fabbe87caf2e1c00,13,3,7,0
fad13b189dc3f535,0,5,5,1
fad13b189dc3f535,1,4,5,1
fad13b189dc3f535,3,3,3,0
fad13b189dc3f535,6,1,1,1
fad13b189dc3f535,8,5,6,1
fad13b189dc3f535,10,6,6,0
fad13b189dc3f535,13,3,3,0
fadf83bd9ea5f19b,-1,4,6,1
fadf83bd9ea5f19b,0,5,9,1
fadf83bd9ea5f19b,1,4,5,0
fadf83bd9ea5f19b,3,2,3,1
fadf83bd9ea5f19b,8,5,8,1
fadf83bd9ea5f19b,9,5,7,0
fd51071022fe231c,0,5,8,1
fd51071022fe231c,1,3,3,1
fd51071022fe231c,3,1,2,0
fd51071022fe231c,6,2,2,1
fd51071022fe231c,14,3,3,0
fe0757521e1d3e76,-1,2,2,0
fe0757521e1d3e76,0,6,9,1
fe0757521e1d3e76,1,2,2,1
fe0757521e1d3e76,8,2,6,0
fe0757521e1d3e76,10,2,2,0
fe0757521e1d3e76,12,3,4,1
